Source, Target
ASIL,AWAR
ASIL,ASGL
ASIL,ASER
ASIL,ADFL
ASIL,AWCL
ASIL,AWCR
ASIL,ASKL
ASIL,CEPVR
ASIL,AIYL
ASIL,AIYR
ASIL,AIAL
ASIL,AIZL
ASIL,RIBL
ASIL,AIBL
ASIL,SAAVL
ASIL,RIAL
ASIL,RMFL
ASIR,AWAR
ASIR,ASGR
ASIR,ASEL
ASIR,ASER
ASIR,AWCL
ASIR,AWCR
ASIR,ASHR
ASIR,ADLR
ASIR,CEPVR
ASIR,AIAL
ASIR,AIAR
ASIR,AIBR
ASIR,CEPshVR
ASIR,hyp
ASJL,ASKL
ASJL,ASKR
ASJL,CEPDL
ASJL,ALA
ASJL,PVQL
ASJL,HSNL
ASJL,HSNR
ASJR,ASKR
ASJR,PVQR
ASJR,hyp
ASJR,HSNR
AWAL,ASGL
AWAL,AWBL
AWAL,ASEL
AWAL,AFDL
AWAL,ASHL
AWAL,AIYL
AWAL,AIZL
AWAL,ADAL
AWAR,ASIL
AWAR,ASGR
AWAR,AWBR
AWAR,ASER
AWAR,ADFR
AWAR,AFDR
AWAR,RIR
AWAR,AIYR
AWAR,AIAR
AWAR,AUAR
AWAR,AIZR
AWAR,RIFR
AWAR,RIGR
ASGL,ASKL
ASGL,AINR
ASGL,AIAL
ASGL,AIBL
ASGR,ASER
ASGR,AIYR
ASGR,AIAR
ASGR,AIBR
AWBL,AWAL
AWBL,ASEL
AWBL,ADFL
AWBL,AWCL
AWBL,ASHL
AWBL,AIYL
AWBL,AIAL
AWBL,AIZL
AWBL,AVHR
AWBL,RIGL
AWBL,AIBR
AWBL,RIAL
AWBL,AVBL
AWBL,SMBDL
AWBL,SMBVL
AWBL,HSNL
AWBR,ASGR
AWBR,ASER
AWBR,ADFR
AWBR,ASHR
AWBR,URYVR
AWBR,OLQVR
AWBR,AIMR
AWBR,RIR
AWBR,AIYR
AWBR,AIZR
AWBR,RIFR
AWBR,RIAR
AWBR,AVBR
AWBR,HSNL
AWBR,HSNR
ASEL,ASJL
ASEL,AWBL
ASEL,ASER
ASEL,ADFR
ASEL,AFDR
ASEL,AWCL
ASEL,AWCR
ASEL,IL2R
ASEL,OLLR
ASEL,RIR
ASEL,AIYL
ASEL,AIYR
ASEL,AIAL
ASEL,AIZL
ASEL,AIBL
ASEL,AIBR
ASEL,RIAR
ASER,AWAR
ASER,ASEL
ASER,AFDL
ASER,AFDR
ASER,AWCL
ASER,AWCR
ASER,ASKL
ASER,ASHR
ASER,ADLL
ASER,ADLR
ASER,AIYL
ASER,AIYR
ASER,AIAL
ASER,AIAR
ASER,AIZL
ASER,AIBL
ASER,AIBR
ASER,hyp
ADFL,AWBL
ADFL,AFDL
ADFL,AWCR
ADFL,ADLL
ADFL,URXL
ADFL,RIR
ADFL,AIAL
ADFL,AUAL
ADFL,AIZL
ADFL,ADAL
ADFL,RIBL
ADFL,RIGL
ADFL,RIGR
ADFL,AIBL
ADFL,AIBR
ADFL,RIAL
ADFL,RIVL
ADFL,SMDVL
ADFL,SMBDL
ADFL,SMBVL
ADFR,AWAR
ADFR,AWBR
ADFR,ADFR
ADFR,AFDR
ADFR,AWCR
ADFR,ASHR
ADFR,BAGL
ADFR,URXR
ADFR,URYVR
ADFR,OLQVR
ADFR,RIH
ADFR,RIR
ADFR,AIYR
ADFR,AUAR
ADFR,AIZR
ADFR,ADAR
ADFR,AVHL
ADFR,PVPR
ADFR,RIGR
ADFR,RIAR
ADFR,SMBDR
ADFR,SMBVR
AFDL,AWBL
AFDL,ASEL
AFDL,ASER
AFDL,AFDL
AFDL,AINR
AFDL,AIYL
AFDL,AIBL
AFDR,ASEL
AFDR,ASER
AFDR,AFDL
AFDR,AIYR
AWCL,ASIL
AWCL,ASGR
AWCL,ASER
AWCL,AFDL
AWCL,AWCR
AWCL,AIYL
AWCL,AIAL
AWCL,AIAR
AWCL,AIZL
AWCL,AIBL
AWCL,AIBR
AWCL,RIAL
AWCL,AVAL
AWCL,SMDVL
AWCR,ASIL
AWCR,ASIR
AWCR,ASGR
AWCR,ASEL
AWCR,ASER
AWCR,ADFR
AWCR,AWCL
AWCR,ASHR
AWCR,IL2L
AWCR,AIYL
AWCR,AIYR
AWCR,AIAL
AWCR,AIAR
AWCR,AIBL
AWCR,AIBR
AWCR,RIAL
AWCR,RIVL
ASKL,ASJL
ASKL,ASER
ASKL,AIML
ASKL,AIAL
ASKL,AIBL
ASKR,AWAR
ASKR,ASGR
ASKR,ASER
ASKR,ADLR
ASKR,CEPVR
ASKR,AIMR
ASKR,AIAL
ASKR,AIAR
ASKR,ALA
ASKR,RIFR
ASKR,AIBR
ASKR,HSNL
ASHL,ADFL
ASHL,ASKL
ASHL,ADLL
ASHL,URXL
ASHL,RIR
ASHL,AIAL
ASHL,AIZL
ASHL,ADAL
ASHL,AVFL
ASHL,AVHR
ASHL,AIBL
ASHL,AVDL
ASHL,AVDR
ASHL,RIAL
ASHL,RIML
ASHL,AVBL
ASHL,AVAL
ASHL,AVAR
ASHL,RIPL
ASHL,HSNL
ASHR,AWAR
ASHR,AWBL
ASHR,ADFR
ASHR,ASHR
ASHR,ADLR
ASHR,AIAR
ASHR,ADAR
ASHR,AVHL
ASHR,PVPR
ASHR,RMGR
ASHR,AIBR
ASHR,AVDL
ASHR,AVDR
ASHR,RIAR
ASHR,AVER
ASHR,AVBR
ASHR,AVAR
ASHR,PVCL
ASHR,SMBVR
ASHR,HSNL
ASHR,HSNR
ADLL,AWAL
ADLL,ASGL
ADLL,AWBL
ADLL,ASEL
ADLL,ASER
ADLL,AWCL
ADLL,ASHL
ADLL,OLQVL
ADLL,RIR
ADLL,AIAL
ADLL,ALA
ADLL,ADAL
ADLL,RIGL
ADLL,AIBL
ADLL,AVJL
ADLL,AVJR
ADLL,AVDL
ADLL,AVDR
ADLL,RIAL
ADLL,AVBL
ADLL,AVAL
ADLL,AVAR
ADLL,RIPL
ADLL,SMBVL
ADLR,ASER
ADLR,AWCR
ADLR,ASHR
ADLR,ADLR
ADLR,URXR
ADLR,CEPVR
ADLR,OLLR
ADLR,OLQVR
ADLR,URBR
ADLR,AIAR
ADLR,ADAR
ADLR,RIFR
ADLR,AIBR
ADLR,RICL
ADLR,RICR
ADLR,AVJL
ADLR,AVJR
ADLR,AVDL
ADLR,AVDR
ADLR,AVBL
ADLR,AVBR
ADLR,AVAR
ADLR,PVCL
ADLR,RIPR
ADLR,SMBVR
ADLR,SIBVL
BAGL,ADFR
BAGL,BAGR
BAGL,URXR
BAGL,CEPVR
BAGL,AINL
BAGL,AUAR
BAGL,AIZR
BAGL,RIBR
BAGL,RIGL
BAGL,RIGR
BAGL,AIBL
BAGL,RIAR
BAGL,AVEL
BAGL,AVER
BAGL,RID
BAGL,AVAR
BAGL,RIPR
BAGL,URAVR
BAGL,RIVR
BAGL,CEPshVR
BAGR,BAGL
BAGR,AQR
BAGR,OLQVL
BAGR,AIYL
BAGR,RIBL
BAGR,RIBR
BAGR,RIGL
BAGR,RIAL
BAGR,AVEL
BAGR,AVAL
BAGR,SMDVL
URXL,ASIL
URXL,ADFL
URXL,ASHL
URXL,BAGR
URXL,URXL
URXL,IL2L
URXL,CEPDL
URXL,OLQVL
URXL,IL1DL
URXL,AIML
URXL,RIR
URXL,AUAL
URXL,AIZL
URXL,ADAL
URXL,RIGL
URXL,RMGL
URXL,RICL
URXL,AVJR
URXL,AVDR
URXL,RIAL
URXL,AVEL
URXL,RID
URXL,AVBL
URXL,AVAL
URXL,HSNR
URXR,AWBR
URXR,ADFR
URXR,ADLR
URXR,ALMR
URXR,CEPDR
URXR,OLQVR
URXR,AIMR
URXR,URBR
URXR,RIR
URXR,AUAR
URXR,ADAR
URXR,RIFR
URXR,RIGR
URXR,RMGR
URXR,RICR
URXR,RIAR
URXR,AVER
URXR,AVBL
URXR,AVBR
URXR,AVAR
URXR,RIPR
URXR,RMDDL
URXR,RMDR
URXR,SMBVR
URXR,SIADL
URXR,SIAVR
ALNL,RMGL
ALNL,SAAVL
ALNL,RIAL
ALNL,RMDDR
ALNL,RMHL
ALNL,SMDVL
ALNL,SMBDR
ALNL,SIADR
ALNR,ADER
ALNR,SAAVR
ALNR,RIML
ALNR,AVAL
ALNR,SMDDR
ALNR,SMDVL
ALNR,SMBDL
PLNL,SAADL
PLNL,SMBVL
PLNL,SIAVL
PLNR,SAADR
PLNR,SAAVL
PLNR,RMDVL
PLNR,SMDVL
PLNR,SMBVR
PLNR,SIAVR
SDQL,ALML
SDQL,FLPL
SDQL,DVA
SDQL,RIS
SDQL,PVR
SDQL,AIBR
SDQL,RICR
SDQL,SAADR
SDQL,AVDL
SDQL,AVEL
SDQL,RMFL
SDQL,AVBL
SDQL,AVBR
SDQL,AVAL
SDQL,AVAR
SDQL,PVCL
SDQL,RIPR
SDQL,SMBDR
SDQL,SIBVL
SDQL,SIADR
SDQR,ADLL
SDQR,SDQL
SDQR,ALML
SDQR,DVA
SDQR,AIBL
SDQR,RICL
SDQR,RICR
SDQR,AVBL
SDQR,AVBR
SDQR,AVAL
SDQR,RMHL
SDQR,RMHR
SDQR,SIADL
SDQR,vBWMR7
AQR,BAGL
AQR,BAGR
AQR,URXL
AQR,DVA
AQR,RIR
AQR,PVPL
AQR,PVPR
AQR,RIGL
AQR,AVJL
AQR,AVDL
AQR,AVDR
AQR,RIAL
AQR,RIAR
AQR,AVBL
AQR,AVBR
AQR,AVAL
AQR,AVAR
AQR,PVCL
AQR,PVCR
PQR,PHBL
PQR,AVHL
PQR,PVPR
PQR,LUAR
PQR,PVNL
PQR,AVG
PQR,AVJR
PQR,AVDL
PQR,AVDR
PQR,AVAL
PQR,AVAR
PQR,PVCL
PQR,PVCR
PQR,DA08
PQR,DB07
PQR,AS11
ALML,SDQL
ALML,ALML
ALML,CEPDL
ALML,CEPVL
ALML,AIML
ALML,RIFL
ALML,BDUL
ALML,RMGL
ALML,RICL
ALML,RICR
ALML,AVDR
ALML,AVEL
ALML,PVCL
ALML,PVCR
ALML,RMDDR
ALML,SMBDR
ALML,hyp
ALMR,CEPDR
ALMR,CEPVR
ALMR,URBR
ALMR,BDUR
ALMR,PVCR
ALMR,RMDDL
ALMR,SMDDL
ALMR,SIADL
AVM,ADER
AVM,BDUL
AVM,BDUR
AVM,PVR
AVM,AVHL
AVM,PVNL
AVM,PVNR
AVM,AVKL
AVM,AVJR
AVM,AVDL
AVM,AVDR
AVM,RID
AVM,AVBL
AVM,AVBR
AVM,PVCL
AVM,PVCR
AVM,SIBVL
AVM,DA01
AVM,VA02
AVM,VB03
AVM,hyp
PVM,AVM
PVM,PVM
PVM,DVA
PVM,PDEL
PVM,PDER
PVM,PVR
PVM,AVKL
PVM,PVCL
PVM,PVCR
PVM,vBWMR10
PVM,hyp
PLML,DVA
PLML,PDEL
PLML,PDER
PLML,AVDR
PLML,AVAL
PLML,AVAR
PLML,VA09
PLML,hyp
PLMR,DVA
PLMR,PDEL
PLMR,PDER
PLMR,AVDL
PLMR,AVDR
PLMR,AVAL
PLMR,AVAR
FLPL,FLPR
FLPL,DVA
FLPL,ADEL
FLPL,ADER
FLPL,RIS
FLPL,AIBL
FLPL,AIBR
FLPL,AVDL
FLPL,AVDR
FLPL,AVBL
FLPL,AVBR
FLPL,AVAL
FLPL,AVAR
FLPL,PVCR
FLPL,DD01
FLPL,VA01
FLPL,hyp
FLPR,FLPL
FLPR,DVA
FLPR,ADER
FLPR,ADAL
FLPR,ADAR
FLPR,AVJL
FLPR,AVJR
FLPR,AVDL
FLPR,AVDR
FLPR,AVEL
FLPR,AVER
FLPR,AVBL
FLPR,AVBR
FLPR,AVAL
FLPR,AVAR
FLPR,PVCL
FLPR,VB01
FLPR,hyp
DVA,URXL
DVA,AQR
DVA,PDEL
DVA,URYDL
DVA,RIR
DVA,AUAL
DVA,AUAR
DVA,AIZL
DVA,AIZR
DVA,PVR
DVA,PVPR
DVA,SAADR
DVA,SAAVL
DVA,SAAVR
DVA,AVDR
DVA,RIAL
DVA,RIAR
DVA,RIMR
DVA,AVEL
DVA,AVER
DVA,AVBL
DVA,AVBR
DVA,AVAL
DVA,AVAR
DVA,PVCL
DVA,PVCR
DVA,SABD
DVA,SMDVL
DVA,SMBDL
DVA,SMBDR
DVA,SMBVL
DVA,SMBVR
DVA,DA02
DVA,DB02
DVA,DB03
DVA,DB04
DVA,DB07
DVA,VA02
DVA,VA06
DVA,VA08
DVA,VA12
DVA,VB01
DVA,VB07
DVA,VB11
DVA,vBWML22
DVA,hyp
PVDL,PVDR
PVDL,AVFL
PVDL,PVPL
PVDL,AVG
PVDL,AVDL
PVDL,AVDR
PVDL,AVAL
PVDL,AVAR
PVDL,PVCL
PVDL,PVCR
PVDL,DD05
PVDL,VD10
PVDL,hyp
PVDR,DVA
PVDR,PVDL
PVDR,PVR
PVDR,AVDL
PVDR,AVAL
PVDR,AVAR
PVDR,PVCL
PVDR,PVCR
PVDR,VA09
PVDR,VA12
PVDR,VB05
PVDR,VB06
PVDR,hyp
ADEL,ALML
ADEL,FLPL
ADEL,ADEL
ADEL,ADER
ADEL,IL2L
ADEL,CEPDL
ADEL,CEPVL
ADEL,OLLL
ADEL,IL1L
ADEL,RIH
ADEL,URBL
ADEL,ADAL
ADEL,RIFL
ADEL,BDUL
ADEL,AVHL
ADEL,RIGL
ADEL,RIGR
ADEL,RMGL
ADEL,SAADR
ADEL,AVDL
ADEL,AVL
ADEL,RIAL
ADEL,AVEL
ADEL,AVAL
ADEL,AVAR
ADEL,RMER
ADEL,RMDL
ADEL,RIVL
ADEL,RIVR
ADEL,RMHL
ADEL,RMHR
ADEL,SMBDR
ADEL,SMBVL
ADEL,SIBDR
ADEL,SIADR
ADEL,VB01
ADEL,dBWML3
ADEL,dBWML5
ADEL,vBWML1
ADEL,hyp
ADER,ASIR
ADER,URXR
ADER,ALNR
ADER,FLPL
ADER,FLPR
ADER,ADEL
ADER,IL2R
ADER,CEPDR
ADER,CEPVR
ADER,OLLR
ADER,IL1R
ADER,URBR
ADER,ADAR
ADER,RIGL
ADER,RIGR
ADER,RMGR
ADER,AVJR
ADER,AVDR
ADER,RIAR
ADER,AVER
ADER,AVAL
ADER,AVAR
ADER,RMDL
ADER,RMDR
ADER,SMDVR
ADER,dBWMR4
ADER,CEPshDR
PDEL,PVM
PDEL,DVA
PDEL,PDER
PDEL,PVR
PDEL,AVKL
PDEL,hyp
PDER,PVM
PDER,DVA
PDER,AVKL
PDER,PVCL
PDER,PVCR
PDER,VB02
PDER,hyp
PHAL,DVA
PHAL,PHAR
PHAL,PHBL
PHAL,PHBR
PHAL,PVQL
PHAL,AVFL
PHAL,AVHL
PHAL,AVHR
PHAL,AVG
PHAL,AVDR
PHAL,DA08
PHAR,DVA
PHAR,PHAL
PHAR,PHBL
PHAR,PHBR
PHAR,PVQL
PHAR,PVQR
PHAR,AVHR
PHAR,PVPL
PHAR,AVG
PHAR,PVT
PHAR,AVDR
PHAR,DA08
PHBL,PHBR
PHBL,PVNL
PHBL,AVG
PHBL,AVDL
PHBL,AVDR
PHBL,AVAL
PHBL,AVAR
PHBL,PVCL
PHBL,DA08
PHBL,AS11
PHBL,VA12
PHBL,hyp
PHBR,PHBL
PHBR,PHCL
PHBR,PHCR
PHBR,AVDL
PHBR,AVDR
PHBR,AVAL
PHBR,AVAR
PHBR,PVCL
PHBR,PVCR
PHBR,VA12
PHCL,DVA
PHCL,PHAR
PHCL,PHCR
PHCL,PVQR
PHCL,AVHR
PHCL,LUAL
PHCL,AVAL
PHCL,PVCL
PHCL,DA09
PHCL,VA12
PHCR,DVA
PHCR,PHAR
PHCR,PHCL
PHCR,PVQR
PHCR,AVHR
PHCR,LUAR
PHCR,PVCR
PHCR,DA09
PHCR,VA12
IL2DL,IL2DL
IL2DL,OLQDL
IL2DL,IL1DL
IL2DL,RIH
IL2DL,AUAL
IL2DL,RIBL
IL2DL,AVBR
IL2DL,RIPL
IL2DL,URADL
IL2DL,RMEL
IL2DL,RMER
IL2DL,RMED
IL2DL,RMEV
IL2DL,RMHL
IL2DR,CEPDR
IL2DR,OLQDR
IL2DR,IL1DR
IL2DR,RICL
IL2DR,RICR
IL2DR,RIPL
IL2DR,RIPR
IL2DR,URADR
IL2DR,RMEL
IL2DR,RMER
IL2DR,RMED
IL2DR,RMEV
IL2L,URXL
IL2L,ADEL
IL2L,OLQDL
IL2L,OLQVL
IL2L,IL1L
IL2L,RIH
IL2L,RICL
IL2L,AVEL
IL2L,URAVL
IL2L,RMER
IL2L,RMEV
IL2L,RMDR
IL2R,URXR
IL2R,ADER
IL2R,OLLR
IL2R,OLQDR
IL2R,OLQVR
IL2R,IL1R
IL2R,RIH
IL2R,URBR
IL2R,RMGR
IL2R,AVER
IL2R,URADR
IL2R,URAVR
IL2R,RMEL
IL2R,RMEV
IL2R,RMDL
IL2VL,BAGR
IL2VL,IL2L
IL2VL,OLQVL
IL2VL,IL1VL
IL2VL,RIH
IL2VL,DVC
IL2VL,RIAL
IL2VL,RIPL
IL2VL,URAVL
IL2VL,RMEL
IL2VL,RMER
IL2VL,RMEV
IL2VR,ADLR
IL2VR,URXR
IL2VR,OLQVR
IL2VR,IL1VR
IL2VR,RIH
IL2VR,RIAR
IL2VR,AVAL
IL2VR,RIPR
IL2VR,URAVR
IL2VR,RMEL
IL2VR,RMER
IL2VR,RMED
IL2VR,RMEV
IL2VR,SIADR
IL2VR,CEPshVR
CEPDL,AFDL
CEPDL,ALML
CEPDL,IL2DL
CEPDL,CEPDR
CEPDL,URYDL
CEPDL,OLLL
CEPDL,OLQDL
CEPDL,IL1DL
CEPDL,AINL
CEPDL,RIH
CEPDL,URBL
CEPDL,RIS
CEPDL,RIBL
CEPDL,RMGL
CEPDL,RICL
CEPDL,RICR
CEPDL,AVER
CEPDL,RIPL
CEPDL,URADL
CEPDL,RMDDL
CEPDL,RMDVL
CEPDL,RMHL
CEPDL,RMHR
CEPDL,SMBDR
CEPDL,SIBDR
CEPDL,SIADR
CEPDL,dBWML5
CEPDR,URXR
CEPDR,CEPDR
CEPDR,URYDR
CEPDR,OLLR
CEPDR,OLQDR
CEPDR,IL1DR
CEPDR,IL1R
CEPDR,RIH
CEPDR,URBR
CEPDR,RIFR
CEPDR,BDUR
CEPDR,RIBR
CEPDR,RMGR
CEPDR,RICL
CEPDR,RICR
CEPDR,AVEL
CEPDR,URADR
CEPDR,RMDR
CEPDR,RMDVR
CEPDR,RMHL
CEPDR,RMHR
CEPDR,SMBDL
CEPDR,SIBVR
CEPDR,dBWMR3
CEPDR,dBWMR5
CEPVL,URXL
CEPVL,URYVL
CEPVL,OLLL
CEPVL,OLQVL
CEPVL,IL1VL
CEPVL,PVR
CEPVL,RIBL
CEPVL,RMGL
CEPVL,RICL
CEPVL,RICR
CEPVL,RIAL
CEPVL,AVER
CEPVL,RIPL
CEPVL,URAVL
CEPVL,RMDDL
CEPVL,RMDVR
CEPVL,RMHL
CEPVL,RMHR
CEPVL,SMDVR
CEPVL,SMBVL
CEPVL,SIAVL
CEPVL,vBWML5
CEPVL,vBWML7
CEPVL,CEPshVL
CEPVL,exc_gl
CEPVR,ASGR
CEPVR,ADLR
CEPVR,IL2VR
CEPVR,CEPDR
CEPVR,URYVR
CEPVR,OLLR
CEPVR,OLQVR
CEPVR,IL1VR
CEPVR,RICL
CEPVR,RICR
CEPVR,RIAL
CEPVR,RIAR
CEPVR,AVEL
CEPVR,RIPR
CEPVR,URAVR
CEPVR,RMDDR
CEPVR,RIVL
CEPVR,RMHR
CEPVR,SMDDR
CEPVR,SMBVR
CEPVR,SIAVR
CEPVR,vBWMR3
CEPVR,vBWMR5
CEPVR,vBWMR8
CEPVR,CEPshVR
URYDL,OLLL
URYDL,OLQDL
URYDL,IL1DL
URYDL,AIZL
URYDL,RIBL
URYDL,AVEL
URYDL,AVER
URYDL,RMDDR
URYDL,RMDVL
URYDL,SMDDL
URYDL,SMDDR
URYDR,AWCL
URYDR,URXR
URYDR,CEPDR
URYDR,OLQDR
URYDR,IL1DR
URYDR,RIBR
URYDR,AVEL
URYDR,AVER
URYDR,AVBL
URYDR,RMED
URYDR,RMDDL
URYDR,RMDVR
URYDR,SMDDL
URYDR,SMDVR
URYDR,dBWMR2
URYDR,GLRDR
URYVL,URXL
URYVL,CEPVL
URYVL,OLLL
URYVL,OLQVL
URYVL,IL1VL
URYVL,RIH
URYVL,RIS
URYVL,ADAL
URYVL,RIBL
URYVL,AVJR
URYVL,AVDR
URYVL,RIAL
URYVL,AVER
URYVL,RID
URYVL,AVBR
URYVL,RMDDL
URYVL,RMDVR
URYVL,SMDVR
URYVL,SIBVL
URYVL,SIBVR
URYVL,CEPshVL
URYVR,CEPVR
URYVR,IL1VR
URYVR,ADAR
URYVR,RIBR
URYVR,AVL
URYVR,RIAR
URYVR,AVEL
URYVR,AVBL
URYVR,AVAL
URYVR,RMDDR
URYVR,RMDL
URYVR,RMDVL
URYVR,SMDVL
URYVR,SMBDR
URYVR,SIBDR
URYVR,SIBVL
OLLL,ADEL
OLLL,CEPDL
OLLL,CEPVL
OLLL,URYDL
OLLL,URYVL
OLLL,OLLL
OLLL,IL1VL
OLLL,RIBL
OLLL,AVER
OLLL,RMEL
OLLL,RMDDL
OLLL,RMDL
OLLL,RMDVL
OLLL,SMDDL
OLLL,SMDDR
OLLL,SMDVR
OLLR,ADER
OLLR,IL2R
OLLR,CEPDR
OLLR,CEPVR
OLLR,OLLR
OLLR,OLQDR
OLLR,IL1DR
OLLR,IL1VR
OLLR,RIS
OLLR,RIBR
OLLR,AVEL
OLLR,RMER
OLLR,RMED
OLLR,RMDDR
OLLR,RMDL
OLLR,RMDR
OLLR,RMDVR
OLLR,SMDDL
OLLR,SMDDR
OLLR,SMDVL
OLLR,SMDVR
OLQDL,CEPDL
OLQDL,URYDL
OLQDL,RIH
OLQDL,RICR
OLQDL,RMEL
OLQDL,RMED
OLQDL,RMDDL
OLQDL,RMDDR
OLQDL,RMHL
OLQDL,SIBVL
OLQDL,dBWML6
OLQDR,IL1DR
OLQDR,RIH
OLQDR,RICL
OLQDR,RICR
OLQDR,RMER
OLQDR,RMDDL
OLQDR,RMHR
OLQDR,SIBVR
OLQVL,IL2L
OLQVL,RICL
OLQVL,AVDR
OLQVL,AVAL
OLQVL,RMDVR
OLQVL,RMHL
OLQVL,SIBDL
OLQVL,SIAVL
OLQVR,IL1VR
OLQVR,RIH
OLQVR,RICR
OLQVR,RIPR
OLQVR,RMER
OLQVR,RMDVL
OLQVR,RMHR
OLQVR,SIBDR
IL1DL,IL2DL
IL1DL,RIPL
IL1DL,URADL
IL1DL,RMEL
IL1DL,RMDDR
IL1DL,RMDVL
IL1DL,dBWML1
IL1DL,dBWML2
IL1DL,dBWML3
IL1DL,dBWML6
IL1DL,dBWMR7
IL1DR,IL2DR
IL1DR,URYDR
IL1DR,OLLR
IL1DR,IL1DR
IL1DR,IL1R
IL1DR,PVR
IL1DR,RIPR
IL1DR,URADR
IL1DR,RMDDL
IL1DR,RMDVR
IL1DR,dBWMR1
IL1DR,dBWMR2
IL1DR,dBWMR3
IL1L,ADEL
IL1L,IL2L
IL1L,OLLL
IL1L,URBL
IL1L,RMGL
IL1L,AVER
IL1L,URAVL
IL1L,RMER
IL1L,RMDDL
IL1L,RMDR
IL1L,RMDVL
IL1L,RMDVR
IL1L,dBWML3
IL1L,dBWML4
IL1L,dBWML5
IL1L,vBWML1
IL1L,vBWML2
IL1L,vBWML4
IL1R,URXR
IL1R,OLLR
IL1R,AVEL
IL1R,AVER
IL1R,RMEL
IL1R,RMDDL
IL1R,RMDDR
IL1R,RMDL
IL1R,RMDR
IL1R,RMDVL
IL1R,RMDVR
IL1R,RMHL
IL1R,dBWMR3
IL1R,dBWMR4
IL1R,dBWMR5
IL1R,vBWMR4
IL1VL,URYVL
IL1VL,OLQVL
IL1VL,IL1L
IL1VL,IL1VL
IL1VL,AVL
IL1VL,RIPL
IL1VL,URAVL
IL1VL,RMDDL
IL1VL,RMDVR
IL1VL,RMHL
IL1VL,vBWML1
IL1VL,vBWML2
IL1VR,IL2VR
IL1VR,OLLR
IL1VR,OLQVR
IL1VR,IL1R
IL1VR,RIPR
IL1VR,URAVR
IL1VR,RMDDR
IL1VR,RMDVL
IL1VR,vBWMR2
IL1VR,vBWMR4
AINL,ASIL
AINL,ASGR
AINL,ASEL
AINL,AFDR
AINL,BAGL
AINL,AIAR
AINL,AUAR
AINL,RIBL
AINL,RIBR
AINL,SAAVL
AINL,RMFL
AINL,RID
AINL,RMDVL
AINL,CEPshVR
AINL,hyp
AINR,ASGL
AINR,ASEL
AINR,ASER
AINR,AFDL
AINR,AFDR
AINR,AWCL
AINR,BAGR
AINR,URXL
AINR,URXR
AINR,CEPDL
AINR,AINL
AINR,AINR
AINR,AIAL
AINR,AUAL
AINR,AUAR
AINR,RIBL
AINR,AIBL
AINR,RID
AINR,CEPshDL
AIML,ASJL
AIML,ASGL
AIML,ASKL
AIML,URXL
AIML,ALML
AIML,CEPDL
AIML,AIAL
AIML,PVQL
AIML,RIFL
AIML,AVFL
AIML,AVFR
AIML,AVHL
AIML,AVHR
AIML,RMGL
AIML,AVJL
AIML,AVDL
AIML,RID
AIML,SMBVL
AIML,CEPshDL
AIML,CEPshVL
AIMR,ASJR
AIMR,ASGR
AIMR,ADFR
AIMR,ASKR
AIMR,URXR
AIMR,CEPVR
AIMR,OLQDR
AIMR,AIMR
AIMR,AIAR
AIMR,ALA
AIMR,RIFR
AIMR,BDUR
AIMR,AVFL
AIMR,AVFR
AIMR,AVHR
AIMR,PVNR
AIMR,RMGR
AIMR,AVJR
AIMR,AVDR
AIMR,AVAR
AIMR,RMDR
AIMR,HSNL
AIMR,HSNR
RIH,ADFR
RIH,BAGL
RIH,BAGR
RIH,IL2L
RIH,IL2R
RIH,IL2VL
RIH,IL2VR
RIH,CEPDL
RIH,CEPVL
RIH,CEPVR
RIH,URYVR
RIH,OLQDL
RIH,OLQDR
RIH,OLQVL
RIH,OLQVR
RIH,AIYL
RIH,AIYR
RIH,AUAR
RIH,AIZL
RIH,AIZR
RIH,RIBL
RIH,RIBR
RIH,RIAL
RIH,RIAR
RIH,RIPL
RIH,RIPR
RIH,URAVR
RIH,RMER
RIH,RMEV
RIH,CEPshVR
URBL,URXL
URBL,CEPDL
URBL,URYDL
URBL,OLLL
URBL,IL1L
URBL,URBL
URBL,ADAL
URBL,PVR
URBL,RICL
URBL,RICR
URBL,AVBL
URBL,RMDDR
URBL,RMHR
URBL,SMBDR
URBL,SIADR
URBL,SIAVL
URBR,ADLR
URBR,URXR
URBR,ADER
URBR,IL2R
URBR,CEPDR
URBR,CEPVR
URBR,OLLR
URBR,OLQDR
URBR,IL1DR
URBR,IL1R
URBR,ADAR
URBR,RMGR
URBR,RICL
URBR,RICR
URBR,AVDL
URBR,AVBR
URBR,RMDL
URBR,RMDR
URBR,SMBDL
URBR,SMBVR
URBR,SIBDR
URBR,SIBVR
URBR,SIADL
URBR,SIAVR
RIR,AWBR
RIR,ADFL
RIR,ADFR
RIR,AFDR
RIR,ASHL
RIR,ASHR
RIR,BAGR
RIR,URXL
RIR,URXR
RIR,AQR
RIR,DVA
RIR,AIMR
RIR,AUAL
RIR,AIZL
RIR,AIZR
RIR,ADAR
RIR,PVPL
RIR,PVPR
RIR,RIGL
RIR,RIGR
RIR,RMGL
RIR,RMGR
RIR,RIAL
RIR,RIAR
RIR,AVEL
RIR,HSNL
AIYL,AWAL
AIYL,ASER
AIYL,AFDL
AIYL,AWCL
AIYL,AWCR
AIYL,RIH
AIYL,RIR
AIYL,AIZL
AIYL,RIBL
AIYL,AIBL
AIYL,RIAL
AIYL,HSNR
AIYR,AWAR
AIYR,ASGR
AIYR,AWBR
AIYR,ASEL
AIYR,ASER
AIYR,ADFR
AIYR,AFDR
AIYR,BAGR
AIYR,AINL
AIYR,AIYL
AIYR,AIZR
AIYR,RIBR
AIYR,RIAR
AIYR,RIVR
AIAL,ASJL
AIAL,ASGL
AIAL,ASEL
AIAL,ASER
AIAL,ADFL
AIAL,AWCL
AIAL,AWCR
AIAL,ASKL
AIAL,ASHL
AIAL,ADLL
AIAL,AIML
AIAL,RIR
AIAL,AIZL
AIAL,PVQL
AIAL,ADAL
AIAL,RIFL
AIAL,RMGL
AIAL,AIBL
AIAR,ASIR
AIAR,AWAR
AIAR,ASGR
AIAR,ASER
AIAR,AWCL
AIAR,AWCR
AIAR,ASKR
AIAR,ADLR
AIAR,AIAR
AIAR,AIZR
AIAR,ADAR
AIAR,RIFR
AIAR,AIBR
AUAL,ADFL
AUAL,BAGR
AUAL,URXL
AUAL,DVA
AUAL,AIYL
AUAL,AIZL
AUAL,RIBL
AUAL,AIBR
AUAL,AVDR
AUAL,RIAL
AUAL,AVEL
AUAL,AVAL
AUAR,BAGL
AUAR,URXR
AUAR,AINL
AUAR,AINR
AUAR,AIYR
AUAR,AIZR
AUAR,RIBR
AUAR,RIAR
AUAR,AVER
AUAR,AVAR
AIZL,ASEL
AIZL,ADFL
AIZL,AFDL
AIZL,AWCR
AIZL,DVA
AIZL,URYDL
AIZL,AIAL
AIZL,RIGL
AIZL,AIBL
AIZL,AIBR
AIZL,RICR
AIZL,AVKR
AIZL,RIAL
AIZL,RIML
AIZL,AVEL
AIZL,AVER
AIZL,SMDVL
AIZL,SMBDL
AIZL,SMBVL
AIZL,VB02
AIZL,vBWML7
AIZR,AWAR
AIZR,ASER
AIZR,ADFR
AIZR,AWCR
AIZR,DVA
AIZR,AIAR
AIZR,AIBL
AIZR,AIBR
AIZR,RIAR
AIZR,RIMR
AIZR,AVEL
AIZR,AVER
AIZR,SMDDR
AIZR,SMBDR
AIZR,SMBVR
AIZR,SIADR
RIS,CEPDL
RIS,CEPDR
RIS,CEPVL
RIS,CEPVR
RIS,URYDR
RIS,URYVR
RIS,OLLR
RIS,RIS
RIS,RIBL
RIS,RIBR
RIS,AVKL
RIS,AVKR
RIS,AVL
RIS,RIML
RIS,RIMR
RIS,AVEL
RIS,AVER
RIS,RMEV
RIS,RMDDL
RIS,RMDDR
RIS,RMDL
RIS,RMDR
RIS,SMDDL
RIS,SMDDR
RIS,SMDVL
RIS,SMDVR
ALA,ASJR
ALA,PVDL
ALA,PVDR
ALA,AVDR
ALA,RIAR
ALA,AVEL
ALA,AVER
ALA,RMDR
ALA,CEPshDL
ALA,CANL
ALA,CANR
ALA,exc_cell
ALA,hyp
PVQL,ASJL
PVQL,AWAL
PVQL,ASKL
PVQL,AIAL
PVQL,AVHR
PVQL,PVPL
PVQL,RMGL
PVQL,DA08
PVQL,DD06
PVQL,vBWMR10
PVQL,hyp
PVQL,HSNL
PVQL,HSNR
PVQR,ASJL
PVQR,AWAR
PVQR,ASER
PVQR,ASKR
PVQR,AIMR
PVQR,AIAL
PVQR,AIAR
PVQR,RIFR
PVQR,AVFR
PVQR,RMGR
PVQR,DVC
PVQR,PVT
PVQR,AVL
PVQR,AVBR
PVQR,DD01
PVQR,DD06
PVQR,VD01
PVQR,CEPshVR
PVQR,hyp
PVQR,VC02
ADAL,ADLL
ADAL,URXL
ADAL,AIAL
ADAL,ADAL
ADAL,PVPL
ADAL,AIBL
ADAL,AIBR
ADAL,RICL
ADAL,RICR
ADAL,AVJR
ADAL,AVDL
ADAL,AVDR
ADAL,RIML
ADAL,AVEL
ADAL,AVBL
ADAL,AVBR
ADAL,AVAL
ADAL,AVAR
ADAL,RIPL
ADAL,URAVL
ADAL,SMDVR
ADAR,ASHR
ADAR,URXR
ADAR,URYDR
ADAR,RIFR
ADAR,PVR
ADAR,AIBL
ADAR,AIBR
ADAR,AVJL
ADAR,AVDL
ADAR,AVDR
ADAR,RIMR
ADAR,AVEL
ADAR,AVBL
ADAR,AVBR
ADAR,AVAR
ADAR,RIPR
ADAR,RIVR
ADAR,SMDVL
RIFL,ALML
RIFL,AVHR
RIFL,PVPL
RIFL,AVJR
RIFL,RIML
RIFL,AVBL
RIFL,AVBR
RIFL,dBWML5
RIFR,AWBR
RIFR,ASHR
RIFR,ADLR
RIFR,URXR
RIFR,CEPVR
RIFR,AIZL
RIFR,RIFL
RIFR,AVFL
RIFR,PVPR
RIFR,AVJL
RIFR,AVJR
RIFR,RIAR
RIFR,RIMR
RIFR,AVBL
RIFR,AVBR
RIFR,PVCL
RIFR,PVCR
RIFR,RIPR
RIFR,HSNL
RIFR,HSNR
BDUL,ALML
BDUL,ADEL
BDUL,ADAL
BDUL,RIFL
BDUL,AVHL
BDUL,PVNL
BDUL,PVNR
BDUL,RMGL
BDUL,SAADL
BDUL,AVJR
BDUL,URADL
BDUL,dBWML5
BDUL,CEPshVL
BDUL,hyp
BDUL,HSNL
BDUR,SDQL
BDUR,ALMR
BDUR,ADER
BDUR,CEPVR
BDUR,AVHL
BDUR,PVNL
BDUR,PVNR
BDUR,AVJL
BDUR,AVBR
BDUR,AVAL
BDUR,PVCL
BDUR,URADR
BDUR,dBWMR6
BDUR,exc_gl
BDUR,HSNR
PVR,SDQR
PVR,ALMR
PVR,PVM
PVR,DVA
PVR,PDER
PVR,CEPVR
PVR,IL1DR
PVR,IL1VL
PVR,IL1VR
PVR,ADAR
PVR,PVR
PVR,AVKL
PVR,AVJL
PVR,AVJR
PVR,AVBL
PVR,AVBR
PVR,PVCL
PVR,RIPL
PVR,RIPR
PVR,URADL
PVR,SABD
PVR,DA05
PVR,DA09
PVR,DB02
PVR,DB03
PVR,DB04
PVR,DB07
PVR,VB03
PVR,VB07
PVR,vBWMR11
PVR,hyp
AVFL,PDER
AVFL,AIML
AVFL,PVQL
AVFL,PVQR
AVFL,RIFL
AVFL,RIFR
AVFL,AVFR
AVFL,AVHL
AVFL,AVHR
AVFL,PVNL
AVFL,AVG
AVFL,DVB
AVFL,AVJL
AVFL,AVL
AVFL,AVBL
AVFL,AVBR
AVFL,SMBVL
AVFL,AS10
AVFL,VB01
AVFL,VB02
AVFL,vBWML10
AVFL,vBWML11
AVFL,vBWML13
AVFL,vBWMR13
AVFL,hyp
AVFL,int
AVFL,HSNL
AVFL,HSNR
AVFL,VC01
AVFR,ASHR
AVFR,PVDL
AVFR,AIML
AVFR,AIAL
AVFR,PVQL
AVFR,AVFL
AVFR,AVHL
AVFR,AVHR
AVFR,PVPR
AVFR,AVG
AVFR,RMGL
AVFR,AVJL
AVFR,AVJR
AVFR,AVBL
AVFR,AVBR
AVFR,AVAL
AVFR,PVCR
AVFR,RMDDL
AVFR,VA02
AVFR,VD11
AVFR,vBWML11
AVFR,vBWML12
AVFR,vBWMR10
AVFR,vBWMR14
AVFR,hyp
AVFR,HSNL
AVFR,HSNR
AVHL,AWBR
AVHL,ADFR
AVHL,ASHR
AVHL,RIR
AVHL,PVQR
AVHL,RIFR
AVHL,BDUR
AVHL,AVFL
AVHL,AVFR
AVHL,AVHR
AVHL,PVPL
AVHL,PVPR
AVHL,AVJL
AVHL,AVJR
AVHL,AVDL
AVHL,RIMR
AVHL,AVBL
AVHL,AVBR
AVHL,AVAR
AVHL,SABD
AVHL,SMBDR
AVHL,SMBVR
AVHL,DD01
AVHL,VD01
AVHL,hyp
AVHR,AWBL
AVHR,ASKR
AVHR,ADLR
AVHR,AQR
AVHR,DVA
AVHR,RIR
AVHR,AVFL
AVHR,AVFR
AVHR,AVHL
AVHR,PVPL
AVHR,AVG
AVHR,RIGL
AVHR,AVJR
AVHR,AVDR
AVHR,AVBL
AVHR,AVBR
AVHR,AVAL
AVHR,SMBDL
AVHR,SMBVL
AVHR,vBWMR9
PVPL,AQR
PVPL,PVDL
PVPL,RIR
PVPL,ADAL
PVPL,AVHR
PVPL,RIGL
PVPL,AVDR
PVPL,AVBL
PVPL,AVBR
PVPL,AVAL
PVPL,AVAR
PVPL,PVCL
PVPL,PVCR
PVPL,vBWML10
PVPL,hyp
PVPR,ADFR
PVPR,ASHR
PVPR,URXR
PVPR,AQR
PVPR,PVQR
PVPR,AVHL
PVPR,AVG
PVPR,RIGR
PVPR,DVC
PVPR,AVJL
PVPR,AVL
PVPR,RIAR
PVPR,RIMR
PVPR,AVBL
PVPR,AVBR
PVPR,AVAL
PVPR,AVAR
PVPR,PVCL
PVPR,PVCR
PVPR,DD02
PVPR,vBWMR10
PVPR,vBWMR11
PVPR,HSNR
LUAL,PHBL
LUAL,PVNL
LUAL,AVJL
LUAL,AVJR
LUAL,AVDL
LUAL,AVDR
LUAL,PVWL
LUAL,AVAL
LUAL,AVAR
LUAR,PQR
LUAR,PVR
LUAR,PVNL
LUAR,AVJR
LUAR,AVDL
LUAR,AVDR
LUAR,PVWL
LUAR,PVWR
LUAR,AVAL
LUAR,AVAR
LUAR,PVCR
LUAR,PDB
LUAR,hyp
PVNL,PQR
PVNL,PVDL
PVNL,BDUL
PVNL,BDUR
PVNL,PVPR
PVNL,LUAL
PVNL,PVNR
PVNL,AVG
PVNL,AVJL
PVNL,AVJR
PVNL,PVT
PVNL,AVDL
PVNL,AVDR
PVNL,AVL
PVNL,PVWL
PVNL,PVWR
PVNL,AVBR
PVNL,AVAL
PVNL,PVCL
PVNL,DD01
PVNL,VA12
PVNL,VD12
PVNL,vBWML11
PVNL,vBWML20
PVNL,vBWMR11
PVNL,vBWMR20
PVNL,hyp
PVNR,URXL
PVNR,PQR
PVNR,ALML
PVNR,PVDR
PVNR,CEPDL
PVNR,URBL
PVNR,BDUL
PVNR,PVR
PVNR,PVNR
PVNR,AVJL
PVNR,AVJR
PVNR,PVT
PVNR,AVDL
PVNR,AVDR
PVNR,AVL
PVNR,PVWL
PVNR,PVWR
PVNR,AVEL
PVNR,AVBR
PVNR,AVAL
PVNR,PVCR
PVNR,DB03
PVNR,DD02
PVNR,VA05
PVNR,VA11
PVNR,VD03
PVNR,VD04
PVNR,VD06
PVNR,VD07
PVNR,VD12
PVNR,VD13
PVNR,vBWML21
PVNR,vBWMR20
PVNR,vBWMR21
PVNR,hyp
PVNR,HSNR
PVNR,VC02
AVG,PHAL
AVG,PVQR
AVG,AVFL
AVG,PVNL
AVG,PVNR
AVG,AVG
AVG,DVC
AVG,AVJL
AVG,AVJR
AVG,PVT
AVG,AVDL
AVG,AVDR
AVG,AVEL
AVG,AVER
AVG,AVBL
AVG,AVBR
AVG,AVAL
AVG,AVAR
AVG,PVCL
AVG,PVCR
AVG,DA08
AVG,VA06
AVG,vBWML10
AVG,vBWML11
AVG,vBWML16
AVG,vBWMR16
AVG,hyp
AVG,VC01
DVB,PHCL
DVB,PVPL
DVB,DVC
DVB,AVL
DVB,DA08
DVB,PDA
DVB,DD06
DVB,VD13
DVB,hyp
DVB,int
DVB,mu_intL
DVB,mu_intR
RIBL,BAGR
RIBL,CEPVL
RIBL,URYDL
RIBL,AUAL
RIBL,RIS
RIBL,RIGL
RIBL,AIBR
RIBL,DVC
RIBL,AVDR
RIBL,RIAL
RIBL,RIML
RIBL,AVEL
RIBL,AVER
RIBL,AVBR
RIBL,AVAL
RIBL,RMDR
RIBL,SMDVR
RIBR,BAGL
RIBR,URYVR
RIBR,OLLR
RIBR,AINL
RIBR,RIH
RIBR,AUAR
RIBR,AIZR
RIBR,RIS
RIBR,RIGR
RIBR,AIBL
RIBR,RIAR
RIBR,AVEL
RIBR,AVER
RIBR,AVBL
RIBR,AVAR
RIBR,RMED
RIBR,RMDVR
RIBR,SMDDL
RIBR,SMDVL
RIBR,SMDVR
RIGL,ADFL
RIGL,ADLL
RIGL,BAGR
RIGL,URXL
RIGL,ALNL
RIGL,DVA
RIGL,OLQVL
RIGL,RIH
RIGL,RIR
RIGL,AIZL
RIGL,AIZR
RIGL,PVPL
RIGL,RIBL
RIGL,RMGL
RIGL,AIBR
RIGL,AVKR
RIGL,AVEL
RIGL,AVER
RIGL,RMHR
RIGR,AFDR
RIGR,BAGL
RIGR,URXR
RIGR,ALNR
RIGR,DVA
RIGR,URYVR
RIGR,OLQVR
RIGR,RIR
RIGR,AIZR
RIGR,RIBR
RIGR,AIBL
RIGR,AVKL
RIGR,AVKR
RIGR,DVC
RIGR,PVT
RIGR,AVDL
RIGR,RIAR
RIGR,AVER
RIGR,RMHL
RMGL,ASHL
RMGL,ADLL
RMGL,URXL
RMGL,CEPDL
RMGL,AIML
RMGL,ADAL
RMGL,RIFL
RMGL,AVFR
RMGL,PVPL
RMGL,AIBR
RMGL,SAADL
RMGL,AVEL
RMGL,RID
RMGL,AVBR
RMGL,AVAL
RMGL,RMDDR
RMGL,RMDL
RMGL,RMDR
RMGL,RMDVL
RMGL,RMHL
RMGL,RMHR
RMGL,SMDDL
RMGL,SMDDR
RMGL,SMBVL
RMGL,SIBDR
RMGL,SIBVL
RMGL,SIBVR
RMGL,SIADL
RMGL,SIADR
RMGL,SIAVL
RMGL,dBWML4
RMGL,dBWML5
RMGL,vBWML5
RMGR,ASHR
RMGR,URXR
RMGR,ALNR
RMGR,ALMR
RMGR,ADER
RMGR,IL2R
RMGR,OLLR
RMGR,AIMR
RMGR,RIR
RMGR,ADAR
RMGR,RIGR
RMGR,SAADL
RMGR,SAAVR
RMGR,AVJL
RMGR,AVDL
RMGR,AVER
RMGR,AVBL
RMGR,AVBR
RMGR,AVAL
RMGR,RMDDL
RMGR,RMDL
RMGR,RMDR
RMGR,RMDVR
RMGR,SMBVR
RMGR,SIBDL
RMGR,SIADL
RMGR,SIAVR
RMGR,dBWMR5
RMGR,vBWMR8
AIBL,ASHL
AIBL,ASHR
AIBL,FLPL
AIBL,AIZR
AIBL,RIFL
AIBL,RIBR
AIBL,RIGR
AIBL,AIBL
AIBL,SAADL
AIBL,SAADR
AIBL,SAAVL
AIBL,SAAVR
AIBL,RIML
AIBL,RIMR
AIBL,AVEL
AIBL,RMFR
AIBL,AVBL
AIBL,AVAL
AIBL,SMDDR
AIBL,SMDVR
AIBL,SIBVR
AIBL,SIADR
AIBL,SIAVR
AIBR,AWCR
AIBR,ADLR
AIBR,AQR
AIBR,DVA
AIBR,AIYR
AIBR,AIAR
AIBR,AUAL
AIBR,RIBL
AIBR,RIGL
AIBR,RICR
AIBR,SAADL
AIBR,SAADR
AIBR,SAAVR
AIBR,RIAL
AIBR,RIML
AIBR,RIMR
AIBR,AVEL
AIBR,RMFL
AIBR,AVBR
AIBR,AVAR
AIBR,SMDDL
AIBR,SMDVL
AIBR,SIBDL
AIBR,SIBDR
AIBR,SIADL
AIBR,VB01
RICL,ADLR
RICL,CEPDL
RICL,CEPVL
RICL,OLQVL
RICL,URBR
RICL,ADAL
RICL,ADAR
RICL,RICR
RICL,SAAVL
RICL,RIML
RICL,RIMR
RICL,RMFR
RICL,AVAL
RICL,AVAR
RICL,RIVR
RICL,SMDDL
RICL,SMDDR
RICL,SMDVR
RICL,SMBDL
RICL,SMBDR
RICR,CEPDL
RICR,CEPDR
RICR,URBR
RICR,AIZL
RICR,ADAR
RICR,RMGL
RICR,AIBL
RICR,AIBR
RICR,RICL
RICR,AVKR
RICR,RIML
RICR,RIMR
RICR,RMFL
RICR,AVAL
RICR,AVAR
RICR,RIVL
RICR,SMDDL
RICR,SMDDR
RICR,SMDVL
RICR,SMDVR
RICR,SMBDR
RICR,VB01
SAADL,OLLR
SAADL,RIGL
SAADL,AIBL
SAADL,RIML
SAADL,RIMR
SAADL,RMFR
SAADL,AVAL
SAADL,RMDVR
SAADL,RIVR
SAADL,SABD
SAADL,SIBVR
SAADL,dBWMR3
SAADL,dBWMR4
SAADL,dBWMR6
SAADL,hyp
SAADR,PLNR
SAADR,OLLL
SAADR,RMGL
SAADR,AIBL
SAADR,AIBR
SAADR,RIML
SAADR,RIMR
SAADR,RMFL
SAADR,RMFR
SAADR,AVAL
SAADR,AVAR
SAADR,SABD
SAADR,SMDVL
SAADR,SMBDR
SAADR,SMBVR
SAADR,dBWML3
SAADR,dBWML4
SAADR,dBWML6
SAADR,hyp
SAAVL,OLLR
SAAVL,AIBL
SAAVL,RIML
SAAVL,RIMR
SAAVL,RMFR
SAAVL,AVAL
SAAVL,SABD
SAAVL,SMDDR
SAAVL,SMDVL
SAAVL,SMBDR
SAAVL,vBWMR3
SAAVL,vBWMR4
SAAVL,vBWMR6
SAAVL,vBWML9
SAAVL,hyp
SAAVR,ASIR
SAAVR,ALNR
SAAVR,IL1DL
SAAVR,AIBR
SAAVR,SAAVR
SAAVR,RIAR
SAAVR,RIML
SAAVR,RIMR
SAAVR,AVBL
SAAVR,AVAR
SAAVR,RIPL
SAAVR,RMEV
SAAVR,SMDDL
SAAVR,SMBDL
SAAVR,vBWML3
SAAVR,vBWML4
SAAVR,vBWML6
SAAVR,hyp
AVKL,AVM
AVKL,DVA
AVKL,PDEL
AVKL,PDER
AVKL,SAADL
AVKL,SAADR
AVKL,RIML
AVKL,RIMR
AVKL,AVEL
AVKL,AVER
AVKL,RMFL
AVKL,AVBL
AVKL,RMDL
AVKL,RIVL
AVKL,SIBDR
AVKL,SIAVR
AVKL,VB01
AVKL,vBWMR6
AVKL,vBWML11
AVKL,vBWMR11
AVKL,hyp
AVKR,PVM
AVKR,PVQL
AVKR,BDUL
AVKR,PVPL
AVKR,RIGL
AVKR,RMGL
AVKR,SAADL
AVKR,AVKL
AVKR,RIML
AVKR,RIMR
AVKR,RMFL
AVKR,RMDL
AVKR,RMDR
AVKR,RMHR
AVKR,SMDDR
AVKR,SMDVR
AVKR,SMBDL
AVKR,SIADL
AVKR,vBWML9
AVKR,vBWML11
AVKR,vBWMR9
AVKR,vBWMR22
AVKR,hyp
DVC,PVDR
DVC,RIBL
DVC,RIBR
DVC,RIGL
DVC,RIGR
DVC,AIBL
DVC,AIBR
DVC,AVKL
DVC,PVT
DVC,RMFL
DVC,RMFR
DVC,AVBL
DVC,AVAL
DVC,AVAR
DVC,URAVL
DVC,RIVR
DVC,VD09
DVC,vBWMR20
DVC,CEPshVR
AVJL,ASHR
AVJL,AINL
AVJL,RIS
AVJL,RIFR
AVJL,AVHL
AVJL,PVNR
AVJL,AVJR
AVJL,AVDL
AVJL,AVEL
AVJL,AVBL
AVJL,AVBR
AVJL,AVAR
AVJL,PVCL
AVJL,PVCR
AVJL,SABD
AVJR,ALML
AVJR,AVM
AVJR,FLPR
AVJR,PVQR
AVJR,AVFR
AVJR,AVJL
AVJR,AVDL
AVJR,AVDR
AVJR,AVER
AVJR,RID
AVJR,AVBL
AVJR,AVBR
AVJR,AVAL
AVJR,AVAR
AVJR,PVCL
AVJR,PVCR
AVJR,SABVL
PVT,RIH
PVT,RIS
PVT,RIGL
PVT,RIGR
PVT,AIBL
PVT,AIBR
PVT,AVKL
PVT,AVKR
PVT,DVC
PVT,AVL
PVT,RMFL
PVT,RMFR
PVT,RMEV
AVDL,LUAL
AVDL,DVC
AVDL,AVJL
AVDL,AVDR
AVDL,AVEL
AVDL,AVAL
AVDL,AVAR
AVDL,PVCL
AVDL,SABD
AVDL,SABVL
AVDL,SABVR
AVDL,DA01
AVDL,DA02
AVDL,DA03
AVDL,DA04
AVDL,DA05
AVDL,DA08
AVDL,AS04
AVDL,AS10
AVDL,AS11
AVDL,VA01
AVDL,VA03
AVDL,VA05
AVDL,VA10
AVDL,VA12
AVDR,PQR
AVDR,ALA
AVDR,LUAL
AVDR,DVC
AVDR,AVJR
AVDR,AVDL
AVDR,AVER
AVDR,AVBL
AVDR,AVAL
AVDR,AVAR
AVDR,PVCR
AVDR,SABD
AVDR,SABVL
AVDR,SABVR
AVDR,DA01
AVDR,DA02
AVDR,DA03
AVDR,DA04
AVDR,DA05
AVDR,DA06
AVDR,DA08
AVDR,DA09
AVDR,DB01
AVDR,DB04
AVDR,AS10
AVDR,AS11
AVDR,VA02
AVDR,VA03
AVDR,VA05
AVDR,VA11
AVDR,hyp
AVL,RIS
AVL,PVPR
AVL,DVB
AVL,AVKR
AVL,DVC
AVL,PVWL
AVL,RIMR
AVL,AVEL
AVL,SABD
AVL,SABVL
AVL,SABVR
AVL,DD01
AVL,DD06
AVL,VD12
AVL,vBWML10
AVL,vBWML11
AVL,vBWML12
AVL,vBWML15
AVL,vBWMR8
AVL,vBWMR11
AVL,hyp
AVL,int
AVL,HSNR
AVL,VC01
AVL,VC02
AVL,VC06
PVWL,AVJL
PVWL,PVT
PVWL,PVWR
PVWL,PVCL
PVWL,PVCR
PVWL,VD12
PVWR,LUAR
PVWR,PVT
PVWR,AVDR
PVWR,AVL
PVWR,AVAR
PVWR,PVCR
PVWR,VA12
RIAL,BAGR
RIAL,URXL
RIAL,AQR
RIAL,CEPDL
RIAL,RIR
RIAL,AIZL
RIAL,RIBL
RIAL,SAADL
RIAL,RIAR
RIAL,RIML
RIAL,RIMR
RIAL,AVAL
RIAL,RMDDL
RIAL,RMDDR
RIAL,RMDL
RIAL,RMDR
RIAL,RMDVL
RIAL,RMDVR
RIAL,RIVL
RIAL,RIVR
RIAL,SMDDL
RIAL,SMDDR
RIAL,SMDVL
RIAL,SMDVR
RIAL,SMBDR
RIAL,SIADL
RIAL,SIAVR
RIAR,ADFR
RIAR,CEPVL
RIAR,CEPVR
RIAR,IL1R
RIAR,AUAR
RIAR,RIBR
RIAR,SAADR
RIAR,RIAL
RIAR,RIAR
RIAR,AVAR
RIAR,RMDDL
RIAR,RMDDR
RIAR,RMDL
RIAR,RMDR
RIAR,RMDVL
RIAR,RMDVR
RIAR,RIVL
RIAR,RIVR
RIAR,SMDDL
RIAR,SMDDR
RIAR,SMDVL
RIAR,SMDVR
RIAR,SMBDR
RIAR,SMBVR
RIAR,SIADR
RIAR,SIAVL
RIAR,vBWML6
RIML,RIBL
RIML,AIBL
RIML,AIBR
RIML,RICR
RIML,SAADL
RIML,SAADR
RIML,SAAVL
RIML,SAAVR
RIML,AVKR
RIML,RIAL
RIML,RIML
RIML,RIMR
RIML,AVER
RIML,RMFL
RIML,RMFR
RIML,AVBL
RIML,AVBR
RIML,AVAL
RIML,AVAR
RIML,RMDL
RIML,RMDR
RIML,SMDDL
RIML,SMDDR
RIML,SMDVL
RIML,VB01
RIML,dBWMR5
RIML,vBWMR4
RIMR,RIS
RIMR,ADAR
RIMR,RIBR
RIMR,AIBL
RIMR,SAAVL
RIMR,SAAVR
RIMR,AVKL
RIMR,AVJL
RIMR,RIML
RIMR,RMFL
RIMR,RMFR
RIMR,AVBL
RIMR,AVBR
RIMR,AVAL
RIMR,RMDL
RIMR,RMDR
RIMR,SMDDL
RIMR,SMDDR
RIMR,SMDVL
RIMR,SMDVR
RIMR,VB01
RIMR,dBWML5
RIMR,vBWML4
AVEL,ALML
AVEL,RMGL
AVEL,PVT
AVEL,AVDL
AVEL,AVAL
AVEL,AVAR
AVEL,PVCL
AVEL,PVCR
AVEL,SABD
AVEL,SABVL
AVEL,SABVR
AVEL,DA01
AVEL,DA02
AVEL,DA03
AVEL,DA04
AVEL,DB03
AVEL,DB04
AVEL,AS01
AVEL,AS03
AVEL,VA01
AVEL,VA03
AVEL,VA04
AVEL,VD02
AVEL,VD03
AVER,URXR
AVER,CEPDL
AVER,OLLL
AVER,AIZR
AVER,RMGR
AVER,AVDL
AVER,AVDR
AVER,RIMR
AVER,AVEL
AVER,AVAL
AVER,AVAR
AVER,SABD
AVER,SABVL
AVER,SABVR
AVER,DA01
AVER,DA02
AVER,DA03
AVER,DB03
AVER,AS01
AVER,AS02
AVER,AS03
AVER,VA01
AVER,VA02
AVER,VA03
AVER,VA04
RMFL,BAGL
RMFL,RIS
RMFL,RIBR
RMFL,SAAVR
RMFL,AVKL
RMFL,AVKR
RMFL,DVC
RMFL,PVT
RMFL,RIMR
RMFL,RMDR
RMFL,RMHL
RMFL,SMDVL
RMFR,RIH
RMFR,AVKL
RMFR,AVKR
RMFR,DVC
RMFR,RMDL
RMFR,RMDR
RID,FLPL
RID,RMED
RID,DA02
RID,DA06
RID,DB01
RID,AS11
RID,DD01
RID,DD02
RID,DD03
RID,VD05
RID,VD13
RID,dBWML13
RID,dBWML14
RID,dBWMR10
RID,hyp
AVBL,SDQL
AVBL,DVA
AVBL,PVPR
AVBL,PVNR
AVBL,AVJR
AVBL,AVDR
AVBL,AVL
AVBL,AVEL
AVBL,AVER
AVBL,AVBR
AVBL,AVAL
AVBL,AVAR
AVBL,PVCR
AVBL,DA05
AVBL,DA07
AVBL,AS04
AVBL,AS05
AVBL,AS10
AVBL,VA02
AVBL,VA10
AVBL,VA11
AVBL,VB02
AVBL,hyp
AVBL,VC03
AVBR,AIBR
AVBR,AVJL
AVBR,AVDL
AVBR,AVER
AVBR,AVBL
AVBR,AVAL
AVBR,AVAR
AVBR,DA03
AVBR,DA07
AVBR,AS01
AVBR,AS03
AVBR,AS04
AVBR,AS05
AVBR,AS10
AVBR,VA04
AVBR,VA07
AVBR,VD03
AVBR,vBWML16
AVBR,vBWMR16
AVBR,hyp
AVBR,HSNR
AVAL,LUAL
AVAL,LUAR
AVAL,PVNL
AVAL,AVDL
AVAL,AVDR
AVAL,RIAL
AVAL,AVEL
AVAL,AVER
AVAL,AVBL
AVAL,AVAR
AVAL,PVCL
AVAL,PVCR
AVAL,SABVL
AVAL,DA01
AVAL,DA02
AVAL,DA03
AVAL,DA04
AVAL,DA05
AVAL,DA06
AVAL,DA07
AVAL,DA08
AVAL,DA09
AVAL,DB05
AVAL,DB07
AVAL,AS02
AVAL,AS04
AVAL,AS05
AVAL,AS07
AVAL,AS08
AVAL,AS10
AVAL,AS11
AVAL,VA01
AVAL,VA02
AVAL,VA03
AVAL,VA04
AVAL,VA05
AVAL,VA06
AVAL,VA07
AVAL,VA08
AVAL,VA09
AVAL,VA10
AVAL,VA11
AVAL,VA12
AVAL,hyp
AVAR,PDEL
AVAR,PDER
AVAR,LUAL
AVAR,LUAR
AVAR,RIGL
AVAR,SAAVR
AVAR,AVDL
AVAR,AVDR
AVAR,AVEL
AVAR,AVER
AVAR,AVBL
AVAR,AVBR
AVAR,AVAL
AVAR,PVCL
AVAR,PVCR
AVAR,SABVR
AVAR,SMDVR
AVAR,DA01
AVAR,DA02
AVAR,DA03
AVAR,DA04
AVAR,DA05
AVAR,DA06
AVAR,DA07
AVAR,DA08
AVAR,DA09
AVAR,DB02
AVAR,DB03
AVAR,DB05
AVAR,AS01
AVAR,AS02
AVAR,AS04
AVAR,AS05
AVAR,AS06
AVAR,AS07
AVAR,AS08
AVAR,AS09
AVAR,AS11
AVAR,VA02
AVAR,VA03
AVAR,VA04
AVAR,VA05
AVAR,VA06
AVAR,VA07
AVAR,VA08
AVAR,VA09
AVAR,VA10
AVAR,VA11
AVAR,hyp
PVCL,ASHR
PVCL,ADLR
PVCL,DVA
PVCL,PDEL
PVCL,RIS
PVCL,AVG
PVCL,AVJL
PVCL,AVJR
PVCL,AVDL
PVCL,AVDR
PVCL,AVEL
PVCL,AVER
PVCL,RID
PVCL,AVBL
PVCL,AVBR
PVCL,AVAL
PVCL,AVAR
PVCL,PVCL
PVCL,PVCR
PVCL,SMBVR
PVCL,SIBDL
PVCL,SIBVL
PVCL,DA05
PVCL,DA08
PVCL,DB02
PVCL,DB03
PVCL,DB04
PVCL,DB05
PVCL,DB07
PVCL,AS01
PVCL,AS02
PVCL,VB04
PVCL,VB06
PVCL,VB07
PVCL,VB08
PVCL,VB11
PVCR,AQR
PVCR,FLPL
PVCR,DVA
PVCR,PVDL
PVCR,PVDR
PVCR,PDEL
PVCR,PVR
PVCR,AVHL
PVCR,PVPR
PVCR,LUAR
PVCR,AVDL
PVCR,AVDR
PVCR,AVL
PVCR,PVWR
PVCR,AVEL
PVCR,AVER
PVCR,RID
PVCR,AVBL
PVCR,AVBR
PVCR,AVAL
PVCR,AVAR
PVCR,PVCL
PVCR,SIBVR
PVCR,DA02
PVCR,DA04
PVCR,DA05
PVCR,DA07
PVCR,DB02
PVCR,DB03
PVCR,DB04
PVCR,DB05
PVCR,DB07
PVCR,VB03
PVCR,VB04
PVCR,VB06
PVCR,VB07
PVCR,VB08
PVCR,VB11
RIPL,ADFL
RIPL,BAGL
RIPL,OLLL
RIPL,OLQDR
RIPL,OLQVL
RIPL,RIH
RIPL,RIPL
RIPL,hyp
RIPR,ADFR
RIPR,BAGR
RIPR,OLQDR
RIPR,OLQVR
RIPR,IL1R
RIPR,RIH
RIPR,URBR
RIPR,AVBR
RIPR,URAVR
RIPR,hyp
URADL,IL1DL
URADL,RIH
URADL,RIPL
URADL,RMEL
URADL,dBWML1
URADL,dBWML2
URADL,dBWML6
URADR,URYDR
URADR,IL1DR
URADR,RIPR
URADR,RMER
URADR,dBWMR1
URADR,dBWMR2
URADR,dBWMR3
URADR,dBWMR4
URADR,dBWMR5
URADR,CEPshDR
URAVL,CEPVL
URAVL,IL1L
URAVL,IL1VL
URAVL,RIBL
URAVL,DVC
URAVL,AVER
URAVL,RIPL
URAVL,RMEL
URAVL,RMER
URAVL,RMEV
URAVL,RMDDL
URAVL,RMDVR
URAVL,vBWML1
URAVL,vBWML2
URAVL,vBWML3
URAVR,IL2VR
URAVR,URYVR
URAVR,IL1R
URAVR,IL1VR
URAVR,RIH
URAVR,ADAR
URAVR,PVT
URAVR,RIPR
URAVR,RMEL
URAVR,RMER
URAVR,RMEV
URAVR,RMDDR
URAVR,RMDVL
URAVR,vBWMR2
URAVR,vBWMR3
URAVR,vBWMR4
URAVR,vBWMR6
RMEL,OLLR
RMEL,IL1R
RMEL,RIPR
RMEL,RMEV
RMEL,dBWMR3
RMEL,dBWMR5
RMEL,vBWMR4
RMEL,GLRR
RMER,IL1L
RMER,RMER
RMER,RMHR
RMER,dBWML3
RMER,dBWML4
RMER,vBWML1
RMER,vBWML4
RMED,RIBL
RMED,RIBR
RMED,RMED
RMED,SMDDL
RMED,SMDDR
RMED,vBWML2
RMED,vBWML3
RMED,vBWMR2
RMED,vBWMR3
RMED,vBWMR6
RMEV,RIH
RMEV,RIS
RMEV,RIBR
RMEV,RMED
RMEV,RMDDL
RMEV,RMDDR
RMEV,SMDDR
RMEV,SMDVL
RMEV,dBWML1
RMEV,dBWML2
RMEV,dBWMR1
RMEV,dBWMR2
RMEV,dBWMR6
RMEV,dBWMR7
RMDDL,CEPVL
RMDDL,IL1DR
RMDDL,IL1R
RMDDL,RIAL
RMDDL,AVER
RMDDL,RMEV
RMDDL,RMDVL
RMDDL,RMDVR
RMDDL,RMHL
RMDDL,dBWMR1
RMDDL,dBWMR2
RMDDL,dBWMR3
RMDDL,dBWMR4
RMDDL,dBWMR5
RMDDL,dBWMR6
RMDDL,vBWML1
RMDDR,RMDDL
RMDDR,RMDVL
RMDDR,RMDVR
RMDDR,dBWML1
RMDDR,dBWML2
RMDDR,dBWML3
RMDDR,dBWML4
RMDDR,dBWML6
RMDDR,dBWMR1
RMDDR,dBWMR2
RMDDR,dBWMR6
RMDDR,dBWMR7
RMDDR,vBWML1
RMDL,URXR
RMDL,ADER
RMDL,OLLR
RMDL,IL1L
RMDL,IL1R
RMDL,RIS
RMDL,RIBR
RMDL,AVKR
RMDL,RIAL
RMDL,RIAR
RMDL,RIML
RMDL,RMFR
RMDL,RMDDR
RMDL,RMDR
RMDL,RMDVL
RMDL,RMDVR
RMDL,RIVL
RMDL,RMHL
RMDL,SMDDR
RMDL,SMBVR
RMDL,SIBVR
RMDL,dBWML3
RMDL,dBWML5
RMDL,dBWMR3
RMDL,dBWMR4
RMDL,vBWML1
RMDL,vBWMR4
RMDL,vBWMR8
RMDR,OLLR
RMDR,IL1L
RMDR,RIS
RMDR,RMGL
RMDR,AVKR
RMDR,RIAL
RMDR,RIAR
RMDR,RIMR
RMDR,RMDDL
RMDR,RMDL
RMDR,RMDVL
RMDR,SMDDR
RMDR,SIAVL
RMDR,dBWML5
RMDR,vBWML4
RMDR,vBWML5
RMDVL,IL2VR
RMDVL,CEPDL
RMDVL,URYVR
RMDVL,OLQVR
RMDVL,IL1R
RMDVL,AVER
RMDVL,RMDDR
RMDVL,RMDR
RMDVL,RMDVR
RMDVL,SIBDR
RMDVL,SIAVR
RMDVL,vBWMR2
RMDVL,vBWMR3
RMDVL,vBWMR4
RMDVL,vBWMR6
RMDVL,vBWMR7
RMDVR,CEPDR
RMDVR,OLQVL
RMDVR,IL1DR
RMDVR,IL1L
RMDVR,RIAR
RMDVR,AVAR
RMDVR,URAVL
RMDVR,RMDDL
RMDVR,RMDVR
RMDVR,SMBDR
RMDVR,SIBVR
RMDVR,SIAVL
RMDVR,dBWML3
RMDVR,vBWML1
RMDVR,vBWML2
RMDVR,vBWML3
RMDVR,vBWML4
RMDVR,vBWML5
RMDVR,vBWML6
RMDVR,vBWML7
RMDVR,vBWMR3
RMDVR,vBWMR6
RMDVR,vBWMR7
RMDVR,GLRVL
RIVL,SAADR
RIVL,RIAL
RIVL,RIAR
RIVL,RMDL
RIVL,RMDVL
RIVL,RIVR
RIVL,SMDDR
RIVL,SMDVL
RIVL,SIAVR
RIVL,vBWMR5
RIVL,vBWMR6
RIVL,vBWMR7
RIVR,SAADL
RIVR,RIAL
RIVR,RIAR
RIVR,RMDDL
RIVR,RMDR
RIVR,RMDVR
RIVR,RIVL
RIVR,RMHR
RIVR,SMDDL
RIVR,SMDVR
RIVR,SMBVL
RIVR,SIAVL
RIVR,dBWMR7
RIVR,vBWML3
RIVR,vBWML4
RIVR,vBWML7
RIVR,vBWMR6
RIVR,vBWMR7
RIVR,GLRVL
RIVR,GLRVR
RMHL,URXR
RMHL,IL1R
RMHL,RICL
RMHL,RICR
RMHL,SAAVL
RMHL,RID
RMHL,AVAR
RMHL,RMDDL
RMHL,RMDR
RMHL,dBWMR3
RMHL,dBWMR4
RMHL,dBWMR5
RMHR,CEPVL
RMHR,RMGL
RMHR,AIBR
RMHR,RMER
RMHR,RMDL
RMHR,RMDR
RMHR,RMHL
RMHR,SMDDL
RMHR,dBWML3
RMHR,dBWML4
RMHR,dBWML5
RMHR,vBWML1
SABD,SAADL
SABD,SAADR
SABD,dBWML1
SABD,dBWML3
SABD,dBWML4
SABD,dBWML6
SABD,dBWMR1
SABD,dBWMR3
SABD,dBWMR4
SABD,dBWMR6
SABD,hyp
SABVL,RIGR
SABVL,vBWML1
SABVL,vBWML3
SABVL,vBWML4
SABVL,vBWML6
SABVL,hyp
SABVR,vBWMR1
SABVR,vBWMR3
SABVR,vBWMR4
SABVR,vBWMR6
SABVR,hyp
SMDDL,URYDL
SMDDL,RIS
SMDDL,SAAVR
SMDDL,RIAL
SMDDL,RIAR
SMDDL,RIML
SMDDL,RIMR
SMDDL,AVEL
SMDDL,AVER
SMDDL,RMDL
SMDDL,RMDR
SMDDL,RIVR
SMDDL,SMDDR
SMDDL,SMDVL
SMDDL,SMDVR
SMDDL,SMBDL
SMDDL,SIBDL
SMDDL,SIADL
SMDDL,dBWML1
SMDDL,dBWML2
SMDDL,dBWML6
SMDDL,dBWML7
SMDDL,dBWMR1
SMDDL,dBWMR4
SMDDL,dBWMR5
SMDDL,dBWMR6
SMDDL,dBWMR7
SMDDL,vBWML2
SMDDL,vBWML3
SMDDL,dBWMR8
SMDDL,dBWMR9
SMDDL,dBWMR10
SMDDL,dBWMR11
SMDDL,dBWMR12
SMDDL,dBWMR13
SMDDL,dBWMR14
SMDDL,dBWMR15
SMDDL,dBWMR16
SMDDR,ASJL
SMDDR,ASGL
SMDDR,ALNL
SMDDR,ALNR
SMDDR,AIZR
SMDDR,RIS
SMDDR,RIBL
SMDDR,RIAL
SMDDR,RIAR
SMDDR,RIMR
SMDDR,AVER
SMDDR,RMDR
SMDDR,RIVL
SMDDR,SMDDL
SMDDR,SMDVL
SMDDR,SMBDR
SMDDR,SIBDR
SMDDR,SIADR
SMDDR,dBWML2
SMDDR,dBWML5
SMDDR,dBWML6
SMDDR,dBWML7
SMDDR,vBWML2
SMDDR,vBWMR2
SMDDR,vBWMR6
SMDDR,dBWML8
SMDDR,dBWML9
SMDDR,dBWML10
SMDDR,dBWML11
SMDDR,dBWML12
SMDDR,dBWML13
SMDDR,dBWML14
SMDDR,dBWML15
SMDDR,dBWML16
SMDDR,hyp
SMDVL,ALNL
SMDVL,ALNR
SMDVL,PLNL
SMDVL,IL2L
SMDVL,CEPVR
SMDVL,PVR
SMDVL,RIBR
SMDVL,RIAL
SMDVL,RIAR
SMDVL,RMDDR
SMDVL,RIVL
SMDVL,SMDDR
SMDVL,SMDVR
SMDVL,SIBVL
SMDVL,SIADR
SMDVL,SIAVR
SMDVL,dBWML1
SMDVL,dBWML2
SMDVL,vBWMR2
SMDVL,vBWMR3
SMDVL,vBWMR5
SMDVL,vBWMR6
SMDVL,vBWMR7
SMDVL,vBWMR8
SMDVL,vBWMR9
SMDVL,vBWMR10
SMDVL,vBWMR11
SMDVL,vBWMR12
SMDVL,vBWMR13
SMDVL,vBWMR14
SMDVL,vBWMR15
SMDVL,vBWMR16
SMDVR,PLNL
SMDVR,CEPVL
SMDVR,AIBR
SMDVR,RIAL
SMDVR,RIAR
SMDVR,RIML
SMDVR,AVER
SMDVR,AVAR
SMDVR,RMED
SMDVR,RMDDL
SMDVR,RIVR
SMDVR,SMDDL
SMDVR,SMDVL
SMDVR,SIBVR
SMDVR,SIAVL
SMDVR,VB01
SMDVR,vBWML2
SMDVR,vBWML3
SMDVR,vBWML4
SMDVR,vBWML5
SMDVR,vBWML6
SMDVR,vBWML7
SMDVR,vBWML8
SMDVR,vBWML9
SMDVR,vBWML10
SMDVR,vBWML11
SMDVR,vBWML12
SMDVR,vBWML13
SMDVR,vBWML14
SMDVR,vBWML15
SMDVR,vBWML16
SMBDL,ALNR
SMBDL,SDQR
SMBDL,RIH
SMBDL,AIZL
SMBDL,SAAVR
SMBDL,RMED
SMBDL,SMDDL
SMBDL,SMBVL
SMBDL,SIADL
SMBDL,SIAVL
SMBDL,dBWMR1
SMBDL,dBWMR2
SMBDL,dBWMR3
SMBDL,dBWMR4
SMBDL,dBWMR5
SMBDL,dBWMR6
SMBDL,dBWMR7
SMBDL,dBWMR8
SMBDL,dBWMR9
SMBDL,dBWMR10
SMBDL,dBWMR11
SMBDL,dBWMR12
SMBDL,dBWMR13
SMBDL,dBWMR14
SMBDL,dBWMR15
SMBDL,dBWMR16
SMBDR,ALNL
SMBDR,SDQL
SMBDR,SAAVL
SMBDR,AVAL
SMBDR,RMED
SMBDR,RIVL
SMBDR,SMDDR
SMBDR,SMBDL
SMBDR,SIADR
SMBDR,SIAVR
SMBDR,dBWML1
SMBDR,dBWML2
SMBDR,dBWML4
SMBDR,dBWML5
SMBDR,dBWML6
SMBDR,dBWML7
SMBDR,dBWMR1
SMBDR,dBWMR2
SMBDR,dBWMR7
SMBDR,dBWML8
SMBDR,dBWML9
SMBDR,dBWML10
SMBDR,dBWML11
SMBDR,dBWML12
SMBDR,dBWML13
SMBDR,dBWML14
SMBDR,dBWML15
SMBDR,dBWML16
SMBVL,PLNL
SMBVL,AIML
SMBVL,AVFL
SMBVL,AVHR
SMBVL,PVPL
SMBVL,SAADL
SMBVL,AVJR
SMBVL,AVBR
SMBVL,RMEV
SMBVL,RMDVR
SMBVL,SMBDL
SMBVL,SIAVL
SMBVL,vBWML1
SMBVL,vBWML2
SMBVL,vBWML3
SMBVL,vBWML4
SMBVL,vBWML5
SMBVL,vBWML6
SMBVL,vBWML7
SMBVL,vBWML8
SMBVL,vBWML9
SMBVL,vBWML10
SMBVL,vBWML11
SMBVL,vBWML12
SMBVL,vBWML13
SMBVL,vBWML14
SMBVL,vBWML15
SMBVL,vBWML16
SMBVL,exc_gl
SMBVL,hyp
SMBVR,ADLR
SMBVR,PLNR
SMBVR,CEPVR
SMBVR,PVR
SMBVR,AVHL
SMBVR,RMGR
SMBVR,SAADR
SMBVR,RIAR
SMBVR,RMEV
SMBVR,RMDL
SMBVR,RMDR
SMBVR,SMBDR
SMBVR,SIAVR
SMBVR,dBWMR4
SMBVR,vBWMR1
SMBVR,vBWMR2
SMBVR,vBWMR3
SMBVR,vBWMR4
SMBVR,vBWMR5
SMBVR,vBWMR6
SMBVR,vBWMR7
SMBVR,vBWMR8
SMBVR,vBWMR9
SMBVR,vBWMR10
SMBVR,vBWMR11
SMBVR,vBWMR12
SMBVR,vBWMR13
SMBVR,vBWMR14
SMBVR,vBWMR15
SMBVR,vBWMR16
SIBDL,SIADL
SIBDL,dBWMR5
SIBDL,dBWMR6
SIBDL,dBWMR7
SIBDL,dBWMR8
SIBDL,dBWMR9
SIBDL,dBWMR10
SIBDL,dBWMR11
SIBDL,dBWMR12
SIBDL,dBWMR13
SIBDL,dBWMR14
SIBDL,dBWMR15
SIBDL,dBWMR16
SIBDR,SMDDR
SIBDR,SIADR
SIBDR,dBWML5
SIBDR,dBWML6
SIBDR,dBWML7
SIBDR,dBWMR4
SIBDR,dBWML8
SIBDR,dBWML9
SIBDR,dBWML10
SIBDR,dBWML11
SIBDR,dBWML12
SIBDR,dBWML13
SIBDR,dBWML14
SIBDR,dBWML15
SIBDR,dBWML16
SIBVL,ALNR
SIBVL,PVPL
SIBVL,SMBDR
SIBVL,SIAVR
SIBVL,vBWML2
SIBVL,vBWMR5
SIBVL,vBWMR6
SIBVL,vBWMR7
SIBVL,vBWMR8
SIBVL,vBWMR9
SIBVL,vBWMR10
SIBVL,vBWMR11
SIBVL,vBWMR12
SIBVL,vBWMR13
SIBVL,vBWMR14
SIBVL,vBWMR15
SIBVL,vBWMR16
SIBVR,AVDR
SIBVR,RID
SIBVR,SIAVL
SIBVR,dBWMR4
SIBVR,vBWML5
SIBVR,vBWML6
SIBVR,vBWML7
SIBVR,vBWML8
SIBVR,vBWML9
SIBVR,vBWML10
SIBVR,vBWML11
SIBVR,vBWML12
SIBVR,vBWML13
SIBVR,vBWML14
SIBVR,vBWML15
SIBVR,vBWML16
SIADL,ALNR
SIADL,SDQR
SIADL,AVFR
SIADL,RMDL
SIADL,SMDDL
SIADL,SMBDL
SIADL,SIBDL
SIADL,dBWMR5
SIADL,dBWMR6
SIADL,dBWMR7
SIADL,dBWMR8
SIADL,dBWMR9
SIADL,dBWMR10
SIADL,dBWMR11
SIADL,dBWMR12
SIADL,dBWMR13
SIADL,dBWMR14
SIADL,dBWMR15
SIADL,dBWMR16
SIADR,SDQL
SIADR,ALML
SIADR,CEPDL
SIADR,IL1VR
SIADR,AVAL
SIADR,SMDDR
SIADR,SMBDR
SIADR,SIBDR
SIADR,dBWML5
SIADR,dBWML6
SIADR,dBWML7
SIADR,dBWML8
SIADR,dBWML9
SIADR,dBWML10
SIADR,dBWML11
SIADR,dBWML12
SIADR,dBWML13
SIADR,dBWML14
SIADR,dBWML15
SIADR,dBWML16
SIAVL,PLNL
SIAVL,ADEL
SIAVL,IL2L
SIAVL,SMDVR
SIAVL,SMBVL
SIAVL,SIBVR
SIAVL,vBWML5
SIAVL,vBWML6
SIAVL,vBWML7
SIAVL,vBWML8
SIAVL,vBWML9
SIAVL,vBWML10
SIAVL,vBWML11
SIAVL,vBWML12
SIAVL,vBWML13
SIAVL,vBWML14
SIAVL,vBWML15
SIAVL,vBWML16
SIAVR,PLNR
SIAVR,RMDL
SIAVR,SIBVL
SIAVR,vBWMR5
SIAVR,vBWMR6
SIAVR,vBWMR7
SIAVR,vBWMR8
SIAVR,vBWMR9
SIAVR,vBWMR10
SIAVR,vBWMR11
SIAVR,vBWMR12
SIAVR,vBWMR13
SIAVR,vBWMR14
SIAVR,vBWMR15
SIAVR,vBWMR16
DA01,FLPR
DA01,DB01
DA01,AS01
DA01,DD01
DA01,VD01
DA01,VD02
DA01,dBWML6
DA01,dBWML7
DA01,dBWMR6
DA01,dBWMR7
DA01,dBWML8
DA02,DA03
DA02,DB01
DA02,AS02
DA02,DD01
DA02,VD02
DA02,VD03
DA02,dBWML7
DA02,dBWMR7
DA02,dBWML8
DA02,dBWML9
DA02,dBWML10
DA02,dBWMR8
DA02,dBWMR9
DA03,DA04
DA03,DB03
DA03,AS04
DA03,DD02
DA03,VD03
DA03,VD04
DA03,dBWML9
DA03,dBWML10
DA03,dBWML11
DA03,dBWMR9
DA03,dBWMR10
DA03,dBWMR11
DA03,dBWMR12
DA04,DB02
DA04,DD02
DA04,VD04
DA04,VD05
DA04,dBWML11
DA04,dBWML12
DA04,dBWML13
DA04,dBWMR11
DA04,dBWMR12
DA04,dBWMR13
DA05,DA04
DA05,DB04
DA05,DD03
DA05,VD05
DA05,VD06
DA05,dBWML12
DA05,dBWML13
DA05,dBWML14
DA05,dBWMR12
DA05,dBWMR13
DA05,dBWMR14
DA06,DA05
DA06,DB05
DA06,DD03
DA06,VD04
DA06,VD05
DA06,VD06
DA06,VD07
DA06,dBWML11
DA06,dBWML12
DA06,dBWML13
DA06,dBWML14
DA06,dBWML15
DA06,dBWML16
DA06,dBWMR10
DA06,dBWMR11
DA06,dBWMR12
DA06,dBWMR13
DA06,dBWMR14
DA06,dBWMR15
DA06,dBWMR16
DA07,DA06
DA07,DB06
DA07,DD04
DA07,VD07
DA07,VD08
DA07,VD09
DA07,dBWML14
DA07,dBWML15
DA07,dBWML16
DA07,dBWML17
DA07,dBWML18
DA07,dBWML19
DA07,dBWMR14
DA07,dBWMR15
DA07,dBWMR16
DA07,dBWMR17
DA07,dBWMR18
DA07,dBWMR19
DA08,DA07
DA08,DB07
DA08,DD04
DA08,DD05
DA08,VD08
DA08,VD09
DA08,VD10
DA08,VD11
DA08,VD12
DA08,VD13
DA08,dBWML16
DA08,dBWML17
DA08,dBWML18
DA08,dBWML19
DA08,dBWML20
DA08,dBWML21
DA08,dBWMR16
DA08,dBWMR17
DA08,dBWMR18
DA08,dBWMR19
DA08,dBWMR20
DA08,dBWMR21
DA09,DVA
DA09,DA08
DA09,DB07
DA09,AS11
DA09,DD06
DA09,VA11
DA09,VA12
DA09,VD09
DA09,VD10
DA09,VD11
DA09,VD12
DA09,VD13
DA09,dBWML19
DA09,dBWML20
DA09,dBWML21
DA09,dBWML22
DA09,dBWML23
DA09,dBWML24
DA09,dBWMR19
DA09,dBWMR20
DA09,dBWMR21
DA09,dBWMR22
DA09,dBWMR23
DA09,dBWMR24
DA09,hyp
PDA,PVNR
PDA,DA09
PDA,DD06
PDA,VD11
PDA,VD12
PDA,VD13
PDA,dBWML21
PDA,dBWML22
PDA,dBWML23
PDA,dBWML24
PDA,dBWMR21
PDA,dBWMR22
PDA,dBWMR23
PDA,dBWMR24
PDA,hyp
DB01,FLPR
DB01,RID
DB01,DA01
DB01,DA02
DB01,AS01
DB01,AS02
DB01,DD01
DB01,VD01
DB01,VD02
DB01,VD03
DB01,dBWML6
DB01,dBWML8
DB01,dBWML9
DB01,dBWMR8
DB01,dBWMR9
DB01,hyp
DB02,DA02
DB02,DA03
DB02,DA04
DB02,AS03
DB02,AS04
DB02,DD01
DB02,DD02
DB02,VD03
DB02,VD04
DB02,dBWML9
DB02,dBWML10
DB02,dBWML11
DB02,dBWML12
DB02,dBWMR9
DB02,dBWMR10
DB02,dBWMR11
DB03,DA04
DB03,DA05
DB03,AS04
DB03,AS05
DB03,DD02
DB03,DD03
DB03,DD05
DB03,VD04
DB03,VD05
DB03,VD06
DB03,dBWML11
DB03,dBWML12
DB03,dBWML13
DB03,dBWML14
DB03,dBWMR11
DB03,dBWMR12
DB03,dBWMR13
DB04,DA05
DB04,AS06
DB04,DD03
DB04,DD04
DB04,DD05
DB04,DD06
DB04,VD06
DB04,dBWML13
DB04,dBWML14
DB04,dBWML15
DB04,dBWML16
DB04,dBWMR13
DB04,dBWMR14
DB04,dBWMR15
DB04,dBWMR16
DB05,DA06
DB05,DA07
DB05,DA08
DB05,AS07
DB05,AS08
DB05,VD04
DB05,VD05
DB05,VD06
DB05,VD07
DB05,dBWML14
DB05,dBWML15
DB05,dBWML16
DB05,dBWML17
DB05,dBWML18
DB05,dBWML19
DB05,dBWMR14
DB05,dBWMR15
DB05,dBWMR16
DB05,dBWMR17
DB05,dBWMR18
DB05,dBWMR19
DB06,DA08
DB06,DA09
DB06,AS08
DB06,AS09
DB06,VD07
DB06,VD08
DB06,VD09
DB06,dBWML16
DB06,dBWML17
DB06,dBWML18
DB06,dBWML19
DB06,dBWML20
DB06,dBWML21
DB06,dBWMR16
DB06,dBWMR17
DB06,dBWMR18
DB06,dBWMR19
DB06,dBWMR20
DB06,dBWMR21
DB07,DA09
DB07,AS10
DB07,AS11
DB07,DD06
DB07,VD08
DB07,VD09
DB07,VD10
DB07,VD11
DB07,VD12
DB07,VD13
DB07,dBWML19
DB07,dBWML20
DB07,dBWML21
DB07,dBWML22
DB07,dBWML23
DB07,dBWML24
DB07,dBWMR19
DB07,dBWMR20
DB07,dBWMR21
DB07,dBWMR22
DB07,dBWMR23
DB07,dBWMR24
AS01,DA01
AS01,DB01
AS01,AS01
AS01,DD01
AS01,VD01
AS01,dBWML6
AS01,dBWML7
AS01,dBWMR6
AS01,dBWMR7
AS02,RID
AS02,DB01
AS02,DD01
AS02,VD02
AS02,dBWML7
AS02,dBWMR7
AS02,dBWML8
AS02,dBWML9
AS02,dBWMR8
AS02,dBWMR9
AS03,DA03
AS03,DD01
AS03,VD03
AS03,dBWML9
AS03,dBWML10
AS03,dBWMR9
AS03,dBWMR10
AS04,DA03
AS04,DB02
AS04,DD01
AS04,DD02
AS04,VD04
AS04,dBWML10
AS04,dBWML11
AS04,dBWML12
AS04,dBWMR11
AS04,dBWMR12
AS05,PVDL
AS05,DA04
AS05,AS05
AS05,DD03
AS05,VD05
AS05,dBWML11
AS05,dBWML12
AS05,dBWMR12
AS06,DA05
AS06,DB04
AS06,DD03
AS06,VD06
AS06,dBWML13
AS06,dBWML14
AS06,dBWMR13
AS06,dBWMR14
AS07,VD07
AS07,dBWML15
AS07,dBWML16
AS07,dBWMR15
AS07,dBWMR16
AS08,VD08
AS08,dBWML17
AS08,dBWML18
AS08,dBWMR17
AS08,dBWMR18
AS09,VD09
AS09,dBWML19
AS09,dBWML20
AS09,dBWMR19
AS09,dBWMR20
AS10,VD10
AS10,VD11
AS10,dBWML20
AS10,dBWML21
AS10,dBWMR21
AS10,dBWMR22
AS11,DB07
AS11,DD06
AS11,VD12
AS11,VD13
AS11,dBWML21
AS11,dBWML22
AS11,dBWMR22
AS11,dBWMR23
PDB,DD06
PDB,VD12
PDB,VD13
PDB,dBWML22
PDB,dBWML23
PDB,dBWML24
PDB,dBWMR23
PDB,dBWMR24
DD01,DA02
DD01,VD02
DD01,dBWML6
DD01,dBWML7
DD01,dBWMR6
DD01,dBWMR7
DD01,dBWML8
DD01,dBWML9
DD01,dBWMR8
DD01,dBWMR9
DD01,dBWMR10
DD02,DA03
DD02,VD03
DD02,VD04
DD02,dBWML10
DD02,dBWML11
DD02,dBWML12
DD02,dBWMR10
DD02,dBWMR11
DD02,dBWMR12
DD03,DA05
DD03,dBWML12
DD03,dBWML13
DD03,dBWML14
DD03,dBWML15
DD03,dBWMR11
DD03,dBWMR12
DD03,dBWMR13
DD03,dBWMR14
DD03,dBWMR15
DD03,vBWML13
DD04,dBWML16
DD04,dBWML17
DD04,dBWML18
DD04,dBWMR13
DD04,dBWMR14
DD04,dBWMR15
DD04,dBWMR16
DD04,dBWMR17
DD04,dBWMR18
DD05,dBWML19
DD05,dBWML20
DD05,dBWML21
DD05,dBWMR19
DD05,dBWMR20
DD05,dBWMR21
DD06,DB07
DD06,VD13
DD06,dBWML22
DD06,dBWML23
DD06,dBWML24
DD06,dBWMR22
DD06,dBWMR23
DD06,dBWMR24
VA01,DA02
VA01,DD01
VA01,VD01
VA01,vBWML7
VA01,vBWMR7
VA01,vBWML8
VA01,vBWMR8
VA02,AVAL
VA02,DD01
VA02,VA01
VA02,VA03
VA02,VB01
VA02,VB02
VA02,VD01
VA02,VD02
VA02,vBWML7
VA02,vBWMR7
VA02,vBWML8
VA02,vBWML9
VA02,vBWMR8
VA02,vBWMR9
VA03,DD01
VA03,DD02
VA03,VA04
VA03,VB02
VA03,VB03
VA03,VD02
VA03,VD03
VA03,vBWML8
VA03,vBWML9
VA03,vBWML10
VA03,vBWML11
VA03,vBWMR9
VA03,vBWMR10
VA03,vBWMR11
VA04,AVDL
VA04,AVER
VA04,AVAR
VA04,DD02
VA04,VB03
VA04,VB04
VA04,VD04
VA04,vBWML12
VA04,vBWML13
VA04,vBWMR11
VA04,vBWMR12
VA04,vBWMR13
VA05,DD02
VA05,DD03
VA05,VA06
VA05,VB04
VA05,VD05
VA05,vBWML12
VA05,vBWML13
VA05,vBWMR12
VA05,vBWMR13
VA05,vBWMR14
VA06,AVAR
VA06,AS01
VA06,AS02
VA06,DD03
VA06,VA05
VA06,VB04
VA06,VB05
VA06,VD05
VA06,VD06
VA06,vBWML13
VA06,vBWML14
VA06,vBWML15
VA06,vBWMR12
VA06,vBWMR13
VA06,vBWMR14
VA06,vBWMR15
VA07,AS01
VA07,AS02
VA07,AS03
VA07,DD03
VA07,DD04
VA07,VB06
VA07,VD06
VA07,VD07
VA07,vBWML14
VA07,vBWML15
VA07,vBWML16
VA07,vBWMR14
VA07,vBWMR15
VA07,vBWMR16
VA07,vm1AR
VA08,AS02
VA08,AS03
VA08,AS04
VA08,AS05
VA08,DD04
VA08,DD05
VA08,VB06
VA08,VD07
VA08,VD08
VA08,VD09
VA08,vBWML16
VA08,vBWML17
VA08,vBWML18
VA08,vBWMR14
VA08,vBWMR15
VA08,vBWMR16
VA08,vBWMR17
VA08,vBWMR18
VA09,AS06
VA09,AS07
VA09,DD04
VA09,DD05
VA09,DD06
VA09,VB07
VA09,VB08
VA09,VD09
VA09,VD10
VA09,VD11
VA09,vBWML17
VA09,vBWML18
VA09,vBWML19
VA09,vBWMR17
VA09,vBWMR18
VA09,vBWMR19
VA10,AS06
VA10,AS07
VA10,AS10
VA10,DD05
VA10,DD06
VA10,VB08
VA10,VB09
VA10,VD10
VA10,VD11
VA10,VD12
VA10,vBWML18
VA10,vBWML19
VA10,vBWML20
VA10,vBWMR18
VA10,vBWMR19
VA10,vBWMR20
VA10,vBWMR21
VA10,hyp
VA11,PVNR
VA11,AS07
VA11,AS08
VA11,AS09
VA11,DD06
VA11,VB10
VA11,VD11
VA11,VD12
VA11,vBWML19
VA11,vBWML20
VA11,vBWML21
VA11,vBWMR20
VA11,vBWMR21
VA11,vBWMR22
VA11,vBWMR23
VA12,PHCR
VA12,LUAL
VA12,AVAL
VA12,PVCL
VA12,PVCR
VA12,DA08
VA12,DA09
VA12,DB07
VA12,AS08
VA12,AS09
VA12,AS10
VA12,AS11
VA12,DD06
VA12,VA11
VA12,VB11
VA12,VD12
VA12,VD13
VA12,vBWML21
VA12,vBWML22
VA12,vBWML23
VA12,vBWMR21
VA12,vBWMR22
VA12,vBWMR23
VA12,vBWMR24
VA12,hyp
VB01,ADAL
VB01,AIBR
VB01,SAADL
VB01,SAADR
VB01,RIML
VB01,RMFL
VB01,SABD
VB01,SMBVL
VB01,DD01
VB01,VA01
VB01,VA02
VB01,VA03
VB01,VA04
VB01,VB02
VB01,VD01
VB01,VD02
VB01,vBWML7
VB01,vBWMR7
VB01,vBWMR9
VB01,hyp
VB02,AVEL
VB02,DD01
VB02,DD02
VB02,VA02
VB02,VA03
VB02,VD02
VB02,VD03
VB02,vBWML8
VB02,vBWML9
VB02,vBWML10
VB02,vBWML11
VB02,vBWMR8
VB02,vBWMR10
VB02,vBWMR11
VB02,VC02
VB03,DD02
VB03,VA04
VB03,VA05
VB03,VD03
VB03,VD04
VB03,vBWML10
VB03,vBWML11
VB03,vBWML12
VB03,vBWML13
VB03,vBWMR10
VB03,vBWMR11
VB03,vBWMR12
VB03,vBWMR13
VB04,AVG
VB04,DD02
VB04,DD03
VB04,VA04
VB04,VA05
VB04,VB05
VB04,VD04
VB04,VD05
VB04,vBWML12
VB04,vBWML13
VB04,vBWMR12
VB04,vBWMR13
VB04,vBWMR14
VB05,DD03
VB05,VA06
VB05,VD06
VB05,vBWML12
VB05,vBWML13
VB05,vBWML14
VB05,vBWML15
VB05,vBWMR13
VB05,vBWMR14
VB05,vBWMR15
VB05,vBWMR16
VB06,DVA
VB06,PVNR
VB06,DD04
VB06,VA07
VB06,VA08
VB06,VB07
VB06,VD06
VB06,VD07
VB06,vBWML15
VB06,vBWML16
VB06,vBWML17
VB06,vBWMR14
VB06,vBWMR15
VB06,vBWMR16
VB06,vBWMR17
VB06,vm1AR
VB07,DD04
VB07,DD05
VB07,VA09
VB07,VA10
VB07,VD08
VB07,VD09
VB07,vBWML16
VB07,vBWML17
VB07,vBWML18
VB07,vBWMR16
VB07,vBWMR17
VB07,vBWMR18
VB08,DD05
VB08,DD06
VB08,VA11
VB08,VD09
VB08,VD10
VB08,vBWML18
VB08,vBWML19
VB08,vBWML20
VB08,vBWMR18
VB08,vBWMR19
VB08,vBWMR20
VB09,DD05
VB09,DD06
VB09,VA11
VB09,VD10
VB09,VD11
VB09,vBWML19
VB09,vBWML20
VB09,vBWML21
VB09,vBWMR19
VB09,vBWMR20
VB09,vBWMR21
VB10,PVT
VB10,DD06
VB10,VA11
VB10,VD11
VB10,VD12
VB10,vBWML19
VB10,vBWML20
VB10,vBWML21
VB10,vBWML22
VB10,vBWMR20
VB10,vBWMR21
VB10,vBWMR22
VB11,PVWL
VB11,PVWR
VB11,PVCR
VB11,DD06
VB11,VA12
VB11,VD12
VB11,VD13
VB11,vBWML21
VB11,vBWML22
VB11,vBWML23
VB11,vBWMR21
VB11,vBWMR22
VB11,vBWMR23
VD01,DD01
VD01,VA01
VD01,VB01
VD01,vBWML7
VD01,vBWML8
VD02,AVEL
VD02,AS01
VD02,DD01
VD02,VA02
VD02,VB02
VD02,vBWML7
VD02,vBWMR7
VD02,vBWML8
VD02,vBWML9
VD02,vBWMR8
VD02,vBWMR9
VD03,DD01
VD03,VA03
VD03,VB02
VD03,VB03
VD03,vBWML10
VD03,vBWML11
VD03,vBWMR10
VD03,vBWMR11
VD04,VA04
VD04,VB03
VD04,vBWML12
VD04,vBWML13
VD04,vBWMR11
VD04,vBWMR12
VD04,vBWMR13
VD05,AVAR
VD05,DD03
VD05,VA05
VD05,VA06
VD05,VB01
VD05,VB04
VD05,vBWML12
VD05,vBWML13
VD05,vBWML14
VD05,vBWMR12
VD05,vBWMR13
VD06,PVNR
VD06,AVAL
VD06,DD03
VD06,VA06
VD06,VB05
VD06,vBWML13
VD06,vBWML14
VD06,vBWML15
VD06,vBWML16
VD06,vBWMR13
VD06,vBWMR14
VD06,vBWMR15
VD07,DD04
VD07,VA07
VD07,VB06
VD07,VB07
VD07,vBWML14
VD07,vBWML15
VD07,vBWML16
VD07,vBWMR14
VD07,vBWMR15
VD07,vBWMR16
VD07,vm1AR
VD08,PVT
VD08,DD04
VD08,VA08
VD08,VA09
VD08,VB07
VD08,vBWML15
VD08,vBWML16
VD08,vBWML17
VD08,vBWMR16
VD08,vBWMR17
VD08,vBWMR18
VD09,VA09
VD09,VB08
VD09,vBWML17
VD09,vBWML18
VD09,vBWML19
VD09,vBWMR18
VD09,vBWMR19
VD09,vBWMR20
VD10,VA10
VD10,VB09
VD10,vBWML18
VD10,vBWML19
VD10,vBWML20
VD10,vBWMR19
VD10,vBWMR20
VD10,vBWMR21
VD11,PVT
VD11,AVAR
VD11,DD06
VD11,VA11
VD11,VB10
VD11,vBWML19
VD11,vBWML20
VD11,vBWML21
VD11,vBWMR20
VD11,vBWMR21
VD11,vBWMR22
VD12,DD06
VD12,VA11
VD12,VA12
VD12,VB11
VD12,vBWML20
VD12,vBWML21
VD12,vBWML22
VD12,vBWMR20
VD12,vBWMR21
VD12,vBWMR22
VD12,vBWMR23
VD12,VC06
VD13,PVWL
VD13,AVAR
VD13,PVCR
VD13,DD06
VD13,VA12
VD13,VD12
VD13,VD13
VD13,dBWMR22
VD13,vBWML19
VD13,vBWML21
VD13,vBWML22
VD13,vBWML23
VD13,vBWMR21
VD13,vBWMR22
VD13,vBWMR23
VD13,vBWMR24
HSNL,ASJR
HSNL,AWAR
HSNL,AWBL
HSNL,AWBR
HSNL,ASKL
HSNL,ASKR
HSNL,ASHL
HSNL,ASHR
HSNL,ADLL
HSNL,ADLR
HSNL,AIMR
HSNL,RIR
HSNL,AIAL
HSNL,AIZL
HSNL,AIZR
HSNL,PVQL
HSNL,RIFL
HSNL,AVFL
HSNL,AVFR
HSNL,RMGR
HSNL,AVJL
HSNL,RIML
HSNL,vBWML11
HSNL,vBWML15
HSNL,vBWML16
HSNL,vBWMR11
HSNL,hyp
HSNL,HSNL
HSNL,HSNR
HSNL,VC05
HSNL,vm2AL
HSNL,vm2AR
HSNL,vm2PL
HSNL,vm2PR
HSNR,AWBL
HSNR,ASHL
HSNR,AIAL
HSNR,AIZL
HSNR,AIZR
HSNR,PVQR
HSNR,RIFR
HSNR,BDUR
HSNR,AVFL
HSNR,AVFR
HSNR,AVHL
HSNR,AVHR
HSNR,PVPR
HSNR,PVNR
HSNR,RMGR
HSNR,AIBL
HSNR,AVJL
HSNR,PVT
HSNR,AVDR
HSNR,RIML
HSNR,RIMR
HSNR,AVEL
HSNR,AVER
HSNR,RMDDR
HSNR,SABD
HSNR,SABVR
HSNR,DA05
HSNR,DA06
HSNR,DB05
HSNR,AS05
HSNR,VA06
HSNR,vBWMR9
HSNR,vBWMR10
HSNR,vBWMR15
HSNR,vBWMR16
HSNR,HSNL
HSNR,VC02
HSNR,VC03
HSNR,VC04
HSNR,VC05
HSNR,vm2AL
HSNR,vm2AR
HSNR,vm2PL
HSNR,vm2PR
VC01,AVFL
VC01,PVPR
VC01,DVC
VC01,PVT
VC01,AVL
VC01,DD01
VC01,DD02
VC01,DD03
VC01,VD01
VC01,VD02
VC01,VD03
VC01,VD04
VC01,VD05
VC01,VD06
VC01,vBWML7
VC01,vBWML9
VC01,vBWML11
VC01,vBWMR12
VC01,hyp
VC01,VC02
VC01,VC03
VC02,PVQR
VC02,PVPR
VC02,DVC
VC02,PVT
VC02,PVCL
VC02,DB04
VC02,DD01
VC02,DD02
VC02,DD03
VC02,VD01
VC02,VD02
VC02,VD04
VC02,VD05
VC02,VD06
VC02,vBWML8
VC02,vBWML9
VC02,vBWML11
VC02,vBWML13
VC02,vBWML14
VC02,vBWMR8
VC02,vBWMR9
VC02,vBWMR11
VC02,vBWMR12
VC02,vBWMR13
VC02,VC01
VC02,VC03
VC03,PVQR
VC03,PVPR
VC03,PVNR
VC03,AVJL
VC03,PVT
VC03,AVL
VC03,AVBL
VC03,SABVL
VC03,DD01
VC03,DD02
VC03,DD03
VC03,DD04
VC03,VB02
VC03,VB04
VC03,VD01
VC03,VD02
VC03,VD03
VC03,VD04
VC03,VD05
VC03,VD06
VC03,VD07
VC03,vBWML11
VC03,vBWML12
VC03,vBWML13
VC03,vBWML14
VC03,vBWML15
VC03,vBWML16
VC03,vBWMR11
VC03,vBWMR13
VC03,vBWMR15
VC03,HSNR
VC03,VC01
VC03,VC02
VC04,AVHR
VC04,AVBR
VC04,vBWML16
VC04,vBWMR16
VC04,VC03
VC04,VC05
VC04,vm2AL
VC04,vm2AR
VC04,vm2PL
VC04,vm2PR
VC05,PVR
VC05,AVFL
VC05,AVFR
VC05,DVC
VC05,PVT
VC05,vBWML15
VC05,vBWML16
VC05,HSNL
VC05,HSNR
VC05,VC04
VC05,VC05
VC05,vm2AL
VC05,vm2AR
VC05,vm2PL
VC05,vm2PR
VC06,PVNR
VC06,AVG
VC06,AVL
VC06,DD06
VC06,VD11
VC06,VD12
VC06,vBWML17
VC06,vBWMR17
VC06,vBWMR20
